item_id,scale,domain,facet,keyed,response_format,item_text,n_valid_pairs,mean_abs_raw_delta,mean_abs_scored_delta,value_change_rate,directional_flip_rate,mean_raw_delta,mean_scored_delta,default_mean_raw,persona_mean_raw,dark_or_antisocial_flag,safety_sensitive_flag,ai_self_or_embodied_flag,plasticity_class,plasticity_rank
epqr_005,EPQR-A,Psychoticism,,+,yes_no,Do you sometimes talk about things you know nothing about?,288,0.6319444444444444,0.6319444444444444,0.6319444444444444,0.6319444444444444,-0.6319444444444444,-0.6319444444444444,1.0,0.3680555555555556,True,False,False,plastic,1
zkpq_002,ZKPQ-50-CC,Activity,,+,true_false,I lead a busier life than most people.,288,0.6076388888888888,0.6076388888888888,0.6076388888888888,0.6076388888888888,0.6076388888888888,0.6076388888888888,0.0,0.6076388888888888,False,False,False,plastic,2
epqr_002,EPQR-A,Psychoticism,,+,yes_no,Do you prefer to go your own way rather than act by the rules?,288,0.5972222222222222,0.5972222222222222,0.5972222222222222,0.5972222222222222,0.5069444444444444,0.5069444444444444,0.1111111111111111,0.6180555555555556,True,False,False,plastic,3
zkpq_005,ZKPQ-50-CC,Activity,,-,true_false,I do not feel the need to be doing things all of the time.,288,0.5798611111111112,0.5798611111111112,0.5798611111111112,0.5798611111111112,-0.5243055555555556,0.5243055555555556,0.9444444444444444,0.4201388888888889,False,False,True,plastic,4
epqr_019,EPQR-A,Lie,,+,yes_no,"If you say you will do something, do you always keep your promise no matter how inconvenient it might be?",288,0.5798611111111112,0.5798611111111112,0.5798611111111112,0.5798611111111112,0.5451388888888888,0.5451388888888888,0.05555555555555555,0.6006944444444444,False,False,False,plastic,5
zkpq_006,ZKPQ-50-CC,Activity,,+,true_false,When on vacation I like to engage in active sports rather than just lie around.,288,0.5416666666666666,0.5416666666666666,0.5416666666666666,0.5416666666666666,0.3819444444444444,0.3819444444444444,0.2777777777777778,0.6597222222222222,False,False,False,plastic,6
zkpq_046,ZKPQ-50-CC,Sociability,,-,true_false,I would not mind being socially isolated in some place for some period of time.,288,0.5347222222222222,0.5347222222222222,0.5347222222222222,0.5347222222222222,-0.375,0.375,0.8333333333333334,0.4583333333333333,False,False,False,plastic,7
zkpq_003,ZKPQ-50-CC,Activity,,+,true_false,I like to be doing things all of the time.,288,0.5277777777777778,0.5277777777777778,0.5277777777777778,0.5277777777777778,0.3680555555555556,0.3680555555555556,0.16666666666666666,0.5347222222222222,False,False,False,plastic,8
zkpq_009,ZKPQ-50-CC,Activity,,+,true_false,I like to keep busy all the time.,288,0.5173611111111112,0.5173611111111112,0.5173611111111112,0.5173611111111112,0.3854166666666667,0.3854166666666667,0.2222222222222222,0.6076388888888888,False,False,False,plastic,9
zkpq_041,ZKPQ-50-CC,Sociability,,-,true_false,I do not mind going out alone and usually prefer it to being out in a large group.,288,0.5138888888888888,0.5138888888888888,0.5138888888888888,0.5138888888888888,0.027777777777777776,-0.027777777777777776,0.4444444444444444,0.4722222222222222,False,False,False,plastic,10
zkpq_008,ZKPQ-50-CC,Activity,,+,true_false,I like to be active as soon as I wake up in the morning.,288,0.5138888888888888,0.5138888888888888,0.5138888888888888,0.5138888888888888,0.5138888888888888,0.5138888888888888,0.0,0.5138888888888888,False,False,False,plastic,11
zkpq_044,ZKPQ-50-CC,Sociability,,-,true_false,I tend to be uncomfortable at big parties.,288,0.5034722222222222,0.5034722222222222,0.5034722222222222,0.5034722222222222,0.1701388888888889,-0.1701388888888889,0.3333333333333333,0.5034722222222222,False,False,False,plastic,12
zkpq_049,ZKPQ-50-CC,Sociability,,-,true_false,I usually prefer to do things alone.,288,0.5034722222222222,0.5034722222222222,0.5034722222222222,0.5034722222222222,0.1701388888888889,-0.1701388888888889,0.2777777777777778,0.4479166666666667,False,False,False,plastic,13
zkpq_047,ZKPQ-50-CC,Sociability,,-,true_false,"Generally, I like to be alone so I can do things I want to do without social distractions.",288,0.5,0.5,0.5,0.5,0.06944444444444445,-0.06944444444444445,0.3888888888888889,0.4583333333333333,False,False,False,plastic,14
zkpq_037,ZKPQ-50-CC,Neuroticism-Anxiety,,+,true_false,I often worry about things that other people think are unimportant.,288,0.5,0.5,0.5,0.5,0.1527777777777778,0.1527777777777778,0.3333333333333333,0.4861111111111111,False,False,False,plastic,15
epqr_010,EPQR-A,Extraversion,,-,yes_no,Do you tend to keep in the background on social occasions?,288,0.5,0.5,0.5,0.5,0.05555555555555555,-0.05555555555555555,0.4444444444444444,0.5,False,False,False,plastic,16
zkpq_048,ZKPQ-50-CC,Sociability,,+,true_false,I am a very sociable person.,288,0.4965277777777778,0.4965277777777778,0.4965277777777778,0.4965277777777778,0.28125,0.28125,0.2222222222222222,0.5034722222222222,False,False,False,plastic,17
epqr_007,EPQR-A,Extraversion,,+,yes_no,Are you a talkative person?,288,0.4965277777777778,0.4965277777777778,0.4965277777777778,0.4965277777777778,0.1076388888888889,0.1076388888888889,0.3888888888888889,0.4965277777777778,False,False,False,plastic,18
ipip_043,IPIP-NEO-120,Openness,O3 Emotionality,+,likert_5,Feel others' emotions,288,0.4939236111111111,0.4939236111111111,0.8472222222222222,0.4236111111111111,0.3220486111111111,0.3220486111111111,2.2222222222222223,3.5104166666666665,False,False,True,plastic,19
zkpq_022,ZKPQ-50-CC,Impulsive_Sensation_Seeking,,+,true_false,I would like to take off on a trip with no preplanned or definite routes or timetables.,288,0.4930555555555556,0.4930555555555556,0.4930555555555556,0.4930555555555556,0.18055555555555555,0.18055555555555555,0.3333333333333333,0.5138888888888888,False,False,False,plastic,20
zkpq_045,ZKPQ-50-CC,Sociability,,+,true_false,"At parties, I enjoy mingling with many people whether I already know them or not.",288,0.4930555555555556,0.4930555555555556,0.4930555555555556,0.4930555555555556,0.3263888888888889,0.3263888888888889,0.16666666666666666,0.4930555555555556,False,False,False,plastic,21
epqr_012,EPQR-A,Extraversion,,-,yes_no,Are you mostly quiet when you are with other people?,288,0.4930555555555556,0.4930555555555556,0.4930555555555556,0.4930555555555556,0.3263888888888889,-0.3263888888888889,0.16666666666666666,0.4930555555555556,False,False,False,plastic,22
epqr_008,EPQR-A,Extraversion,,+,yes_no,Are you rather lively?,288,0.4930555555555556,0.4930555555555556,0.4930555555555556,0.4930555555555556,0.3402777777777778,0.3402777777777778,0.16666666666666666,0.5069444444444444,False,False,False,plastic,23
zkpq_001,ZKPQ-50-CC,Activity,,+,true_false,I do not like to waste time just sitting around and relaxing.,288,0.4861111111111111,0.4861111111111111,0.4861111111111111,0.4861111111111111,0.2569444444444444,0.2569444444444444,0.4444444444444444,0.7013888888888888,False,False,False,intermediate,24
epqr_015,EPQR-A,Neuroticism,,+,yes_no,Are your feelings easily hurt?,288,0.4826388888888889,0.4826388888888889,0.4826388888888889,0.4826388888888889,0.4826388888888889,0.4826388888888889,0.0,0.4826388888888889,False,True,True,intermediate,25
ipip_103,IPIP-NEO-120,Openness,O3 Emotionality,-,likert_5,Seldom get emotional,288,0.4791666666666667,0.4791666666666667,0.8506944444444444,0.3576388888888889,-0.2760416666666667,0.2760416666666667,3.9444444444444446,2.8402777777777777,False,False,True,intermediate,26
ipip_013,IPIP-NEO-120,Openness,O3 Emotionality,+,likert_5,Experience my emotions intensely,288,0.4756944444444444,0.4756944444444444,0.8888888888888888,0.3715277777777778,0.3333333333333333,0.3333333333333333,1.9444444444444444,3.2777777777777777,False,False,True,intermediate,27
zkpq_024,ZKPQ-50-CC,Impulsive_Sensation_Seeking,,+,true_false,I sometimes like to do things that are a little frightening.,288,0.4756944444444444,0.4756944444444444,0.4756944444444444,0.4756944444444444,0.2326388888888889,0.2326388888888889,0.3888888888888889,0.6215277777777778,False,False,False,intermediate,28
zkpq_035,ZKPQ-50-CC,Neuroticism-Anxiety,,+,true_false,I sometimes feel panicky.,288,0.4722222222222222,0.4722222222222222,0.4722222222222222,0.4722222222222222,0.1527777777777778,0.1527777777777778,0.3333333333333333,0.4861111111111111,False,False,True,intermediate,29
zkpq_027,ZKPQ-50-CC,Impulsive_Sensation_Seeking,,+,true_false,"I sometimes do ""crazy"" things just for fun.",288,0.46875,0.46875,0.46875,0.46875,0.21180555555555555,0.21180555555555555,0.2777777777777778,0.4895833333333333,False,False,False,intermediate,30
zkpq_023,ZKPQ-50-CC,Impulsive_Sensation_Seeking,,+,true_false,I enjoy getting into new situations where you can't predict how things will turn out.,288,0.4652777777777778,0.4652777777777778,0.4652777777777778,0.4652777777777778,0.125,0.125,0.3888888888888889,0.5138888888888888,False,False,False,intermediate,31
ipip_017,IPIP-NEO-120,Extraversion,E4 Activity Level,+,likert_5,Am always busy,288,0.4635416666666667,0.4635416666666667,0.9236111111111112,0.3680555555555556,0.3871527777777778,0.3871527777777778,2.111111111111111,3.6597222222222223,False,False,False,intermediate,32
zkpq_033,ZKPQ-50-CC,Neuroticism-Anxiety,,+,true_false,I tend to be oversensitive and easily hurt by thoughtless remarks and actions of others.,288,0.4618055555555556,0.4618055555555556,0.4618055555555556,0.4618055555555556,0.2743055555555556,0.2743055555555556,0.16666666666666666,0.4409722222222222,False,True,False,intermediate,33
epqr_009,EPQR-A,Extraversion,,+,yes_no,Can you usually let yourself go and enjoy yourself at a lively party?,288,0.4618055555555556,0.4618055555555556,0.4618055555555556,0.4618055555555556,0.3020833333333333,0.3020833333333333,0.16666666666666666,0.46875,False,False,False,intermediate,34
ipip_033,IPIP-NEO-120,Openness,O1 Imagination,+,likert_5,Enjoy wild flights of fantasy,288,0.4592013888888889,0.4592013888888889,0.8159722222222222,0.5,-0.3394097222222222,-0.3394097222222222,4.111111111111111,2.7534722222222223,False,False,False,intermediate,35
epqr_011,EPQR-A,Extraversion,,-,yes_no,Do you prefer reading to meeting people?,288,0.4548611111111111,0.4548611111111111,0.4548611111111111,0.4548611111111111,0.2604166666666667,-0.2604166666666667,0.16666666666666666,0.4270833333333333,False,False,False,intermediate,36
zkpq_007,ZKPQ-50-CC,Activity,,+,true_false,I like to wear myself out with hard work or exercise.,288,0.4548611111111111,0.4548611111111111,0.4548611111111111,0.4548611111111111,0.2673611111111111,0.2673611111111111,0.2222222222222222,0.4895833333333333,False,False,True,intermediate,37
zkpq_021,ZKPQ-50-CC,Impulsive_Sensation_Seeking,,+,true_false,I often do things on impulse.,288,0.4513888888888889,0.4513888888888889,0.4513888888888889,0.4513888888888889,0.1736111111111111,0.1736111111111111,0.2222222222222222,0.3958333333333333,False,False,False,intermediate,38
epqr_023,EPQR-A,Lie,,+,yes_no,Do you always practice what you preach?,288,0.4479166666666667,0.4479166666666667,0.4479166666666667,0.4479166666666667,0.4479166666666667,0.4479166666666667,0.0,0.4479166666666667,False,False,False,intermediate,39
zkpq_010,ZKPQ-50-CC,Activity,,+,true_false,"When I do things, I do them with lots of energy.",288,0.4479166666666667,0.4479166666666667,0.4479166666666667,0.4479166666666667,0.19791666666666666,0.19791666666666666,0.3888888888888889,0.5868055555555556,False,False,False,intermediate,40
zkpq_042,ZKPQ-50-CC,Sociability,,+,true_false,I spend as much time with my friends as I can.,288,0.4479166666666667,0.4479166666666667,0.4479166666666667,0.4479166666666667,0.2743055555555556,0.2743055555555556,0.16666666666666666,0.4409722222222222,False,False,False,intermediate,41
zkpq_025,ZKPQ-50-CC,Impulsive_Sensation_Seeking,,+,true_false,I'll try anything once.,288,0.4375,0.4375,0.4375,0.4375,0.2916666666666667,0.2916666666666667,0.16666666666666666,0.4583333333333333,False,False,False,intermediate,42
zkpq_012,ZKPQ-50-CC,Aggression-Hostility,,+,true_false,It's natural for me to curse when I am mad.,288,0.4375,0.4375,0.4375,0.4375,0.0625,0.0625,0.3333333333333333,0.3958333333333333,True,False,False,intermediate,43
zkpq_026,ZKPQ-50-CC,Impulsive_Sensation_Seeking,,+,true_false,"I would like the kind of life where one is on the move and travelling a lot, with lots of change and excitement.",288,0.4236111111111111,0.4236111111111111,0.4236111111111111,0.4236111111111111,0.1527777777777778,0.1527777777777778,0.2777777777777778,0.4305555555555556,False,False,False,intermediate,44
zkpq_004,ZKPQ-50-CC,Activity,,-,true_false,I can enjoy myself just lying around and not doing anything active.,288,0.4236111111111111,0.4236111111111111,0.4236111111111111,0.4236111111111111,-0.020833333333333332,0.020833333333333332,0.3333333333333333,0.3125,False,False,True,intermediate,45
epqr_013,EPQR-A,Neuroticism,,+,yes_no,Does your mood often go up and down?,288,0.4201388888888889,0.4201388888888889,0.4201388888888889,0.4201388888888889,0.3368055555555556,0.3368055555555556,0.05555555555555555,0.3923611111111111,False,False,False,intermediate,46
zkpq_043,ZKPQ-50-CC,Sociability,,-,true_false,I do not need a large number of casual friends.,288,0.4201388888888889,0.4201388888888889,0.4201388888888889,0.4201388888888889,-0.2743055555555556,0.2743055555555556,0.8888888888888888,0.6145833333333334,False,False,False,intermediate,47
ipip_093,IPIP-NEO-120,Openness,O1 Imagination,+,likert_5,Like to get lost in thought,288,0.4192708333333333,0.4192708333333333,0.8125,0.3541666666666667,0.014756944444444444,0.014756944444444444,3.0555555555555554,3.1145833333333335,False,False,False,intermediate,48
ipip_077,IPIP-NEO-120,Extraversion,E4 Activity Level,+,likert_5,Do a lot in my spare time,288,0.4184027777777778,0.4184027777777778,0.8854166666666666,0.23958333333333334,0.3368055555555556,0.3368055555555556,2.5555555555555554,3.9027777777777777,False,False,False,intermediate,49
zkpq_038,ZKPQ-50-CC,Neuroticism-Anxiety,,+,true_false,I often feel like crying sometimes without a reason.,288,0.40625,0.40625,0.40625,0.40625,-0.059027777777777776,-0.059027777777777776,0.3333333333333333,0.2743055555555556,False,False,True,intermediate,50
ipip_047,IPIP-NEO-120,Extraversion,E4 Activity Level,+,likert_5,Am always on the go,288,0.40625,0.40625,0.8715277777777778,0.2638888888888889,0.25,0.25,2.3333333333333335,3.3333333333333335,False,False,False,intermediate,51
ipip_037,IPIP-NEO-120,Extraversion,E2 Gregariousness,+,likert_5,Talk to a lot of different people at parties,288,0.4036458333333333,0.4036458333333333,0.9375,0.1840277777777778,0.011284722222222222,0.011284722222222222,3.1666666666666665,3.2118055555555554,False,False,False,intermediate,52
ipip_053,IPIP-NEO-120,Openness,O5 Intellect,-,likert_5,Avoid philosophical discussions,288,0.4019097222222222,0.4019097222222222,0.6736111111111112,0.4375,0.2439236111111111,-0.2439236111111111,1.6666666666666667,2.642361111111111,False,False,False,intermediate,53
ipip_007,IPIP-NEO-120,Extraversion,E2 Gregariousness,+,likert_5,Love large parties,288,0.3984375,0.3984375,0.9756944444444444,0.04513888888888889,0.011284722222222222,0.011284722222222222,2.888888888888889,2.9340277777777777,False,False,False,intermediate,54
sd3_011,SD3,Narcissism,,-,likert_5,I hate being the center of attention.,288,0.3984375,0.3984375,0.9340277777777778,0.13194444444444445,-0.058159722222222224,0.058159722222222224,3.1666666666666665,2.9340277777777777,True,False,False,intermediate,55
ipip_097,IPIP-NEO-120,Extraversion,E2 Gregariousness,-,likert_5,Avoid crowds,288,0.3975694444444444,0.3975694444444444,0.9027777777777778,0.19444444444444445,-0.125,0.125,3.3333333333333335,2.8333333333333335,False,False,False,intermediate,56
zkpq_036,ZKPQ-50-CC,Neuroticism-Anxiety,,+,true_false,I often feel unsure of myself.,288,0.3958333333333333,0.3958333333333333,0.3958333333333333,0.3958333333333333,-0.020833333333333332,-0.020833333333333332,0.2777777777777778,0.2569444444444444,False,False,True,intermediate,57
ipip_083,IPIP-NEO-120,Openness,O5 Intellect,-,likert_5,Am not interested in abstract ideas,288,0.3958333333333333,0.3958333333333333,0.6388888888888888,0.4270833333333333,0.3125,-0.3125,1.3888888888888888,2.638888888888889,False,False,False,intermediate,58
ipip_002,IPIP-NEO-120,Extraversion,E1 Friendliness,+,likert_5,Make friends easily,288,0.3958333333333333,0.3958333333333333,0.8645833333333334,0.2569444444444444,0.234375,0.234375,2.388888888888889,3.326388888888889,False,False,False,intermediate,59
zkpq_031,ZKPQ-50-CC,Neuroticism-Anxiety,,+,true_false,My body often feels all tightened up for no apparent reason.,288,0.3923611111111111,0.3923611111111111,0.3923611111111111,0.3923611111111111,-0.15625,-0.15625,0.3333333333333333,0.17708333333333334,False,False,True,intermediate,60
ipip_102,IPIP-NEO-120,Extraversion,E3 Assertiveness,+,likert_5,Am the life of the party,288,0.390625,0.390625,0.6597222222222222,0.3229166666666667,0.2621527777777778,0.2621527777777778,1.7222222222222223,2.7708333333333335,False,False,False,intermediate,61
epqr_018,EPQR-A,Neuroticism,,+,yes_no,Do you worry about awful things that might happen?,288,0.3888888888888889,0.3888888888888889,0.3888888888888889,0.3888888888888889,0.3263888888888889,0.3263888888888889,0.05555555555555555,0.3819444444444444,False,False,False,intermediate,62
ipip_055,IPIP-NEO-120,Conscientiousness,C5 Self-Discipline,+,likert_5,Carry out my plans,288,0.3888888888888889,0.3888888888888889,0.8090277777777778,0.2361111111111111,0.1527777777777778,0.1527777777777778,3.2222222222222223,3.8333333333333335,False,False,False,intermediate,63
ipip_063,IPIP-NEO-120,Openness,O1 Imagination,+,likert_5,Enjoy daydreaming,288,0.3862847222222222,0.3862847222222222,0.8819444444444444,0.16319444444444445,-0.0703125,-0.0703125,3.3333333333333335,3.0520833333333335,False,False,False,intermediate,64
epqr_020,EPQR-A,Lie,,-,yes_no,Were you ever greedy by helping yourself to more than your share of anything?,288,0.3784722222222222,0.3784722222222222,0.3784722222222222,0.3784722222222222,0.22569444444444445,-0.22569444444444445,0.16666666666666666,0.3923611111111111,False,False,False,intermediate,65
ipip_040,IPIP-NEO-120,Conscientiousness,C2 Orderliness,-,likert_5,Often forget to put things back in their proper place,288,0.3784722222222222,0.3784722222222222,0.7916666666666666,0.2916666666666667,0.1284722222222222,-0.1284722222222222,2.2222222222222223,2.736111111111111,False,False,False,intermediate,66
sd3_012,SD3,Narcissism,,+,likert_5,Many group activities tend to be dull without me.,288,0.375,0.375,0.7951388888888888,0.2881944444444444,0.2517361111111111,0.2517361111111111,1.9444444444444444,2.951388888888889,True,False,False,intermediate,67
ipip_067,IPIP-NEO-120,Extraversion,E2 Gregariousness,+,likert_5,Enjoy parties,288,0.3732638888888889,0.3732638888888889,0.9444444444444444,0.14583333333333334,0.012152777777777778,0.012152777777777778,3.2222222222222223,3.2708333333333335,False,False,False,intermediate,68
ipip_075,IPIP-NEO-120,Conscientiousness,C3 Dutifulness,-,likert_5,Break rules,288,0.3689236111111111,0.3689236111111111,0.7638888888888888,0.3333333333333333,0.2578125,-0.2578125,1.7222222222222223,2.7534722222222223,False,False,False,intermediate,69
epqr_014,EPQR-A,Neuroticism,,+,yes_no,Do you ever feel 'just miserable' for no reason?,288,0.3680555555555556,0.3680555555555556,0.3680555555555556,0.3680555555555556,0.11805555555555555,0.11805555555555555,0.16666666666666666,0.2847222222222222,False,False,True,intermediate,70
zkpq_050,ZKPQ-50-CC,Sociability,,+,true_false,I probably spend more time than I should socializing with friends.,288,0.3645833333333333,0.3645833333333333,0.3645833333333333,0.3645833333333333,0.2881944444444444,0.2881944444444444,0.05555555555555555,0.34375,False,False,False,intermediate,71
ipip_107,IPIP-NEO-120,Extraversion,E4 Activity Level,-,likert_5,Prefer to be alone,288,0.3619791666666667,0.3619791666666667,0.9409722222222222,0.09375,-0.12065972222222222,0.12065972222222222,3.1666666666666665,2.6840277777777777,False,False,False,intermediate,72
ipip_016,IPIP-NEO-120,Neuroticism,N4 Self-Consciousness,+,likert_5,Find it difficult to approach others,288,0.3619791666666667,0.3619791666666667,0.7256944444444444,0.2847222222222222,0.05295138888888889,0.05295138888888889,2.1666666666666665,2.3784722222222223,False,False,False,intermediate,73
zkpq_015,ZKPQ-50-CC,Aggression-Hostility,,+,true_false,If people annoy me I do not hesitate to tell them so.,288,0.3611111111111111,0.3611111111111111,0.3611111111111111,0.3611111111111111,0.2361111111111111,0.2361111111111111,0.1111111111111111,0.3472222222222222,True,False,False,intermediate,74
sd3_010,SD3,Narcissism,,+,likert_5,People see me as a natural leader.,288,0.3602430555555556,0.3602430555555556,0.875,0.19791666666666666,0.1918402777777778,0.1918402777777778,2.7222222222222223,3.4895833333333335,True,False,False,intermediate,75
ipip_042,IPIP-NEO-120,Extraversion,E3 Assertiveness,+,likert_5,Try to lead others,288,0.359375,0.359375,0.7708333333333334,0.3645833333333333,0.1232638888888889,0.1232638888888889,2.9444444444444446,3.4375,False,False,False,intermediate,76
ipip_115,IPIP-NEO-120,Conscientiousness,C5 Self-Discipline,+,likert_5,Get chores done right away,288,0.3567708333333333,0.3567708333333333,0.75,0.375,-0.20399305555555555,-0.20399305555555555,4.166666666666667,3.3506944444444446,False,False,False,intermediate,77
zkpq_040,ZKPQ-50-CC,Neuroticism-Anxiety,,+,true_false,I often feel uncomfortable and ill at ease for no real reason.,288,0.3541666666666667,0.3541666666666667,0.3541666666666667,0.3541666666666667,-0.14583333333333334,-0.14583333333333334,0.2777777777777778,0.13194444444444445,False,False,True,intermediate,78
ipip_003,IPIP-NEO-120,Openness,O1 Imagination,+,likert_5,Have a vivid imagination,288,0.3541666666666667,0.3541666666666667,0.7152777777777778,0.3402777777777778,-0.1892361111111111,-0.1892361111111111,4.222222222222222,3.4652777777777777,False,False,False,intermediate,79
ipip_046,IPIP-NEO-120,Neuroticism,N4 Self-Consciousness,+,likert_5,Am afraid that I will do the wrong thing,288,0.3532986111111111,0.3532986111111111,0.7708333333333334,0.2986111111111111,0.11371527777777778,0.11371527777777778,2.111111111111111,2.5659722222222223,False,False,False,intermediate,80
ipip_091,IPIP-NEO-120,Neuroticism,N1 Anxiety,+,likert_5,Am stressed out,288,0.3524305555555556,0.3524305555555556,0.8854166666666666,0.22916666666666666,0.078125,0.078125,2.2222222222222223,2.5347222222222223,False,False,False,intermediate,81
sd3_016,SD3,Narcissism,,+,likert_5,I have been compared to famous people.,288,0.3524305555555556,0.3524305555555556,0.7847222222222222,0.3055555555555556,0.24131944444444445,0.24131944444444445,2.0555555555555554,3.0208333333333335,True,False,False,intermediate,82
sd3_026,SD3,Psychopathy,,+,likert_5,I enjoy having sex with people I hardly know.,256,0.3505859375,0.3505859375,0.71875,0.18359375,-0.0888671875,-0.0888671875,2.3125,1.95703125,True,True,True,intermediate,83
ipip_001,IPIP-NEO-120,Neuroticism,N1 Anxiety,+,likert_5,Worry about things,288,0.3498263888888889,0.3498263888888889,0.7708333333333334,0.3194444444444444,0.18836805555555555,0.18836805555555555,2.0,2.7534722222222223,False,False,False,intermediate,84
epqr_021,EPQR-A,Lie,,-,yes_no,Have you ever blamed someone for doing something you knew was really your fault?,288,0.3472222222222222,0.3472222222222222,0.3472222222222222,0.3472222222222222,0.13194444444444445,-0.13194444444444445,0.3333333333333333,0.4652777777777778,False,False,False,intermediate,85
zkpq_028,ZKPQ-50-CC,Impulsive_Sensation_Seeking,,+,true_false,I prefer friends who are excitingly unpredictable.,288,0.3472222222222222,0.3472222222222222,0.3472222222222222,0.3472222222222222,0.14583333333333334,0.14583333333333334,0.16666666666666666,0.3125,False,False,False,intermediate,86
zkpq_029,ZKPQ-50-CC,Impulsive_Sensation_Seeking,,+,true_false,I often get so carried away by new and exciting things and ideas that I never think of possible complications.,288,0.3472222222222222,0.3472222222222222,0.3472222222222222,0.3472222222222222,0.08333333333333333,0.08333333333333333,0.2222222222222222,0.3055555555555556,False,False,False,intermediate,87
ipip_111,IPIP-NEO-120,Neuroticism,N5 Immoderation,-,likert_5,Easily resist temptations,288,0.3446180555555556,0.3446180555555556,0.7986111111111112,0.2743055555555556,-0.025173611111111112,0.025173611111111112,3.2222222222222223,3.1215277777777777,False,False,False,intermediate,88
ipip_018,IPIP-NEO-120,Openness,O4 Adventurousness,+,likert_5,Prefer variety to routine,288,0.3411458333333333,0.3411458333333333,0.8819444444444444,0.11458333333333333,0.021701388888888888,0.021701388888888888,3.388888888888889,3.4756944444444446,False,False,False,intermediate,89
ipip_085,IPIP-NEO-120,Conscientiousness,C5 Self-Discipline,+,likert_5,Get to work at once,288,0.3402777777777778,0.3402777777777778,0.8159722222222222,0.15625,0.001736111111111111,0.001736111111111111,3.4444444444444446,3.451388888888889,False,False,False,intermediate,90
ipip_120,IPIP-NEO-120,Conscientiousness,C6 Cautiousness,+,likert_5,Stick to my chosen path,288,0.3385416666666667,0.3385416666666667,0.8055555555555556,0.2048611111111111,-0.013888888888888888,-0.013888888888888888,3.611111111111111,3.5555555555555554,False,False,False,intermediate,91
epqr_022,EPQR-A,Lie,,+,yes_no,As a child did you do as you were told immediately and without grumbling?,288,0.3368055555555556,0.3368055555555556,0.3368055555555556,0.3368055555555556,0.3368055555555556,0.3368055555555556,0.0,0.3368055555555556,False,False,False,intermediate,92
ipip_023,IPIP-NEO-120,Openness,O5 Intellect,+,likert_5,Love to read challenging material,288,0.3333333333333333,0.3333333333333333,0.7569444444444444,0.2152777777777778,-0.16145833333333334,-0.16145833333333334,4.166666666666667,3.5208333333333335,False,False,False,intermediate,93
ipip_100,IPIP-NEO-120,Conscientiousness,C2 Orderliness,+,likert_5,Want everything to be 'just right',288,0.3324652777777778,0.3324652777777778,0.7951388888888888,0.24305555555555555,-0.0685763888888889,-0.0685763888888889,3.611111111111111,3.3368055555555554,False,False,False,intermediate,94
ipip_010,IPIP-NEO-120,Conscientiousness,C2 Orderliness,+,likert_5,Like to tidy up,288,0.3324652777777778,0.3324652777777778,0.8784722222222222,0.1736111111111111,-0.07552083333333333,-0.07552083333333333,3.5,3.1979166666666665,False,False,False,intermediate,95
ipip_048,IPIP-NEO-120,Openness,O4 Adventurousness,-,likert_5,Prefer to stick with things that I know,288,0.3315972222222222,0.3315972222222222,0.8472222222222222,0.10416666666666667,-0.08506944444444445,0.08506944444444445,2.8333333333333335,2.4930555555555554,False,False,False,intermediate,96
zkpq_014,ZKPQ-50-CC,Aggression-Hostility,,-,true_false,"If someone offends me, I just try not to think about it.",288,0.3298611111111111,0.3298611111111111,0.3298611111111111,0.3298611111111111,0.11458333333333333,-0.11458333333333333,0.16666666666666666,0.28125,True,False,False,intermediate,97
epqr_016,EPQR-A,Neuroticism,,+,yes_no,Are you often troubled about feelings of guilt?,288,0.3298611111111111,0.3298611111111111,0.3298611111111111,0.3298611111111111,0.3298611111111111,0.3298611111111111,0.0,0.3298611111111111,False,False,True,intermediate,98
sd3_024,SD3,Psychopathy,,+,likert_5,People who mess with me always regret it.,288,0.3289930555555556,0.3289930555555556,0.7361111111111112,0.20833333333333334,0.1918402777777778,0.1918402777777778,1.7777777777777777,2.545138888888889,True,False,False,intermediate,99
ipip_058,IPIP-NEO-120,Openness,O6 Liberalism,+,likert_5,Believe that there is no absolute right or wrong,288,0.3272569444444444,0.3272569444444444,0.9131944444444444,0.10069444444444445,-0.042534722222222224,-0.042534722222222224,3.0,2.829861111111111,False,False,False,intermediate,100
ipip_032,IPIP-NEO-120,Extraversion,E1 Friendliness,+,likert_5,Feel comfortable around people,288,0.3246527777777778,0.3246527777777778,0.8958333333333334,0.04513888888888889,0.1267361111111111,0.1267361111111111,3.2222222222222223,3.7291666666666665,False,False,True,intermediate,101
sd3_014,SD3,Narcissism,,+,likert_5,I like to get acquainted with important people.,288,0.3237847222222222,0.3237847222222222,0.9444444444444444,0.09027777777777778,0.0998263888888889,0.0998263888888889,2.7777777777777777,3.1770833333333335,True,False,False,intermediate,102
ipip_092,IPIP-NEO-120,Extraversion,E1 Friendliness,+,likert_5,Am skilled in handling social situations,288,0.3237847222222222,0.3237847222222222,0.8715277777777778,0.16666666666666666,0.07378472222222222,0.07378472222222222,3.3333333333333335,3.6284722222222223,False,False,False,intermediate,103
sd3_020,SD3,Psychopathy,,-,likert_5,I avoid dangerous situations.,288,0.3229166666666667,0.3229166666666667,0.7465277777777778,0.28125,-0.2065972222222222,0.2065972222222222,4.111111111111111,3.2847222222222223,True,True,False,intermediate,104
ipip_105,IPIP-NEO-120,Conscientiousness,C3 Dutifulness,+,likert_5,Behave properly,288,0.3220486111111111,0.3220486111111111,0.7222222222222222,0.2673611111111111,-0.13975694444444445,-0.13975694444444445,4.055555555555555,3.4965277777777777,False,False,False,intermediate,105
ipip_086,IPIP-NEO-120,Neuroticism,N6 Vulnerability,+,likert_5,Can't make up my mind,288,0.3220486111111111,0.3220486111111111,0.8020833333333334,0.14930555555555555,-0.035590277777777776,-0.035590277777777776,2.388888888888889,2.2465277777777777,False,False,False,intermediate,106
ipip_082,IPIP-NEO-120,Extraversion,E5 Excitement Seeking,+,likert_5,Act wild and crazy,288,0.3211805555555556,0.3211805555555556,0.6597222222222222,0.2013888888888889,0.14930555555555555,0.14930555555555555,1.7222222222222223,2.3194444444444446,False,False,False,intermediate,107
sd3_003,SD3,Machiavellianism,,+,likert_5,"Whatever it takes, you must get the important people on your side.",288,0.3194444444444444,0.3194444444444444,0.7604166666666666,0.2847222222222222,0.11458333333333333,0.11458333333333333,2.4444444444444446,2.9027777777777777,True,False,False,intermediate,108
ipip_078,IPIP-NEO-120,Openness,O4 Adventurousness,-,likert_5,Dislike changes,288,0.3185763888888889,0.3185763888888889,0.8263888888888888,0.1388888888888889,-0.04079861111111111,0.04079861111111111,2.5,2.3368055555555554,False,False,False,intermediate,109
ipip_074,IPIP-NEO-120,Agreeableness,A3 Altruism,-,likert_5,Am not interested in other people's problems,288,0.3185763888888889,0.3185763888888889,0.6354166666666666,0.3090277777777778,0.0546875,-0.0546875,1.8888888888888888,2.107638888888889,False,False,False,intermediate,110
ipip_104,IPIP-NEO-120,Agreeableness,A3 Altruism,-,likert_5,Am not really interested in others,288,0.3177083333333333,0.3177083333333333,0.7048611111111112,0.1736111111111111,-0.10416666666666667,0.10416666666666667,2.2777777777777777,1.8611111111111112,False,False,False,intermediate,111
ipip_021,IPIP-NEO-120,Neuroticism,N5 Immoderation,+,likert_5,Go on binges,288,0.3168402777777778,0.3168402777777778,0.6944444444444444,0.2152777777777778,0.1918402777777778,0.1918402777777778,1.5,2.267361111111111,False,False,False,intermediate,112
ipip_022,IPIP-NEO-120,Extraversion,E5 Excitement Seeking,+,likert_5,Love excitement,288,0.3151041666666667,0.3151041666666667,0.875,0.06944444444444445,-0.019965277777777776,-0.019965277777777776,3.388888888888889,3.3090277777777777,False,False,False,intermediate,113
ipip_051,IPIP-NEO-120,Neuroticism,N5 Immoderation,-,likert_5,Rarely overindulge,288,0.3133680555555556,0.3133680555555556,0.7395833333333334,0.23958333333333334,-0.20225694444444445,0.20225694444444445,4.333333333333333,3.5243055555555554,False,False,False,intermediate,114
ipip_119,IPIP-NEO-120,Agreeableness,A6 Sympathy,-,likert_5,Am hard to understand,288,0.3116319444444444,0.3116319444444444,0.7326388888888888,0.3020833333333333,0.1519097222222222,-0.1519097222222222,2.0555555555555554,2.6631944444444446,False,False,False,intermediate,115
ipip_027,IPIP-NEO-120,Extraversion,E6 Cheerfulness,+,likert_5,Radiate joy,288,0.3116319444444444,0.3116319444444444,0.7326388888888888,0.25,-0.1328125,-0.1328125,3.888888888888889,3.357638888888889,False,False,False,intermediate,116
sd3_015,SD3,Narcissism,,-,likert_5,I feel embarrassed if someone compliments me.,288,0.3107638888888889,0.3107638888888889,0.6805555555555556,0.2604166666666667,0.19791666666666666,-0.19791666666666666,1.7222222222222223,2.513888888888889,True,False,True,intermediate,117
ipip_070,IPIP-NEO-120,Conscientiousness,C2 Orderliness,-,likert_5,Leave a mess in my room,288,0.3107638888888889,0.3107638888888889,0.5729166666666666,0.3298611111111111,0.2586805555555556,-0.2586805555555556,1.2222222222222223,2.2569444444444446,False,False,False,intermediate,118
ipip_081,IPIP-NEO-120,Neuroticism,N5 Immoderation,-,likert_5,Am able to control my cravings,288,0.3072916666666667,0.3072916666666667,0.7951388888888888,0.15625,0.06597222222222222,-0.06597222222222222,3.2777777777777777,3.5416666666666665,False,False,False,intermediate,119
ipip_019,IPIP-NEO-120,Agreeableness,A4 Cooperation,-,likert_5,Love a good fight,288,0.3064236111111111,0.3064236111111111,0.6944444444444444,0.1909722222222222,0.1154513888888889,-0.1154513888888889,1.8888888888888888,2.3506944444444446,False,True,False,intermediate,120
ipip_052,IPIP-NEO-120,Extraversion,E5 Excitement Seeking,+,likert_5,Seek adventure,288,0.3055555555555556,0.3055555555555556,0.7743055555555556,0.1909722222222222,-0.06597222222222222,-0.06597222222222222,3.6666666666666665,3.4027777777777777,False,False,False,intermediate,121
ipip_030,IPIP-NEO-120,Conscientiousness,C6 Cautiousness,-,likert_5,Rush into things,288,0.3046875,0.3046875,0.6909722222222222,0.24305555555555555,0.1328125,-0.1328125,1.8333333333333333,2.3645833333333335,False,False,False,intermediate,122
ipip_112,IPIP-NEO-120,Extraversion,E5 Excitement Seeking,+,likert_5,Seek danger,288,0.3029513888888889,0.3029513888888889,0.6458333333333334,0.22569444444444445,0.12239583333333333,0.12239583333333333,1.6666666666666667,2.15625,False,True,False,intermediate,123
ipip_116,IPIP-NEO-120,Neuroticism,N6 Vulnerability,+,likert_5,Feel that my life lacks direction,288,0.2994791666666667,0.2994791666666667,0.7152777777777778,0.125,-0.1328125,-0.1328125,2.388888888888889,1.8576388888888888,False,False,True,intermediate,124
ipip_056,IPIP-NEO-120,Neuroticism,N6 Vulnerability,+,likert_5,Become overwhelmed by events,288,0.2977430555555556,0.2977430555555556,0.7673611111111112,0.17708333333333334,0.12065972222222222,0.12065972222222222,1.9444444444444444,2.4270833333333335,False,False,False,intermediate,125
ipip_098,IPIP-NEO-120,Openness,O2 Artistic Interests,-,likert_5,Do not like art,288,0.2960069444444444,0.2960069444444444,0.7465277777777778,0.09375,-0.10677083333333333,0.10677083333333333,2.2777777777777777,1.8506944444444444,False,False,False,intermediate,126
ipip_113,IPIP-NEO-120,Openness,O5 Intellect,+,likert_5,Try to understand myself,288,0.2960069444444444,0.2960069444444444,0.7326388888888888,0.1736111111111111,0.044270833333333336,0.044270833333333336,3.7222222222222223,3.8993055555555554,False,False,True,intermediate,127
ipip_044,IPIP-NEO-120,Agreeableness,A3 Altruism,+,likert_5,Am concerned about others,288,0.2960069444444444,0.2960069444444444,0.7291666666666666,0.19791666666666666,-0.07378472222222222,-0.07378472222222222,4.166666666666667,3.8715277777777777,False,False,False,intermediate,128
sd3_017,SD3,Narcissism,,-,likert_5,I am an average person.,288,0.2951388888888889,0.2951388888888889,0.7604166666666666,0.15625,0.03993055555555555,-0.03993055555555555,2.0,2.1597222222222223,True,False,False,intermediate,129
ipip_073,IPIP-NEO-120,Openness,O3 Emotionality,+,likert_5,Enjoy thinking about things,288,0.2942708333333333,0.2942708333333333,0.6354166666666666,0.2152777777777778,-0.1519097222222222,-0.1519097222222222,4.444444444444445,3.8368055555555554,False,False,False,intermediate,130
ipip_117,IPIP-NEO-120,Extraversion,E6 Cheerfulness,+,likert_5,Am always joking around,288,0.2934027777777778,0.2934027777777778,0.6909722222222222,0.17708333333333334,0.1371527777777778,0.1371527777777778,1.8888888888888888,2.4375,False,False,False,intermediate,131
sd3_023,SD3,Psychopathy,,+,likert_5,It's true that I can be mean to others.,288,0.2899305555555556,0.2899305555555556,0.6631944444444444,0.23958333333333334,0.10416666666666667,0.10416666666666667,1.8888888888888888,2.3055555555555554,True,False,False,intermediate,132
zkpq_032,ZKPQ-50-CC,Neuroticism-Anxiety,,+,true_false,I frequently get emotionally upset.,288,0.2881944444444444,0.2881944444444444,0.2881944444444444,0.2881944444444444,0.12152777777777778,0.12152777777777778,0.1111111111111111,0.2326388888888889,False,False,True,intermediate,133
ipip_076,IPIP-NEO-120,Neuroticism,N4 Self-Consciousness,+,likert_5,Only feel comfortable with friends,288,0.2873263888888889,0.2873263888888889,0.7534722222222222,0.16319444444444445,0.009548611111111112,0.009548611111111112,2.2777777777777777,2.3159722222222223,False,False,True,intermediate,134
ipip_059,IPIP-NEO-120,Agreeableness,A6 Sympathy,+,likert_5,Feel sympathy for those who are worse off than myself,288,0.2873263888888889,0.2873263888888889,0.6180555555555556,0.1875,-0.0685763888888889,-0.0685763888888889,4.277777777777778,4.003472222222222,False,False,True,intermediate,135
ipip_108,IPIP-NEO-120,Openness,O4 Adventurousness,-,likert_5,Dislike new foods,288,0.2864583333333333,0.2864583333333333,0.7743055555555556,0.1111111111111111,-0.03819444444444445,0.03819444444444445,2.2222222222222223,2.0694444444444446,False,False,True,intermediate,136
ipip_090,IPIP-NEO-120,Conscientiousness,C6 Cautiousness,-,likert_5,Jump into things without thinking,288,0.2855902777777778,0.2855902777777778,0.6111111111111112,0.22916666666666666,0.14322916666666666,-0.14322916666666666,1.6111111111111112,2.1840277777777777,False,False,False,intermediate,137
ipip_062,IPIP-NEO-120,Extraversion,E1 Friendliness,+,likert_5,Act comfortable with others,288,0.2847222222222222,0.2847222222222222,0.7465277777777778,0.1736111111111111,-0.03125,-0.03125,3.888888888888889,3.763888888888889,False,False,False,intermediate,138
ipip_096,IPIP-NEO-120,Neuroticism,N2 Anger,-,likert_5,Am not easily annoyed,288,0.2829861111111111,0.2829861111111111,0.8402777777777778,0.2013888888888889,-0.1579861111111111,0.1579861111111111,4.111111111111111,3.4791666666666665,False,False,False,intermediate,139
zkpq_018,ZKPQ-50-CC,Aggression-Hostility,,+,true_false,I can't help being a little rude to people I do not like.,288,0.28125,0.28125,0.28125,0.28125,0.10069444444444445,0.10069444444444445,0.16666666666666666,0.2673611111111111,True,False,False,intermediate,140
ipip_057,IPIP-NEO-120,Extraversion,E6 Cheerfulness,+,likert_5,Have a lot of fun,288,0.28125,0.28125,0.6805555555555556,0.1423611111111111,-0.09722222222222222,-0.09722222222222222,4.111111111111111,3.7222222222222223,False,False,False,intermediate,141
sd3_013,SD3,Narcissism,,+,likert_5,I know that I am special because everyone keeps telling me so.,288,0.28125,0.28125,0.6493055555555556,0.1701388888888889,0.1371527777777778,0.1371527777777778,1.6111111111111112,2.1597222222222223,True,False,False,intermediate,142
ipip_012,IPIP-NEO-120,Extraversion,E3 Assertiveness,+,likert_5,Take charge,288,0.2777777777777778,0.2777777777777778,0.7534722222222222,0.1736111111111111,-0.0642361111111111,-0.0642361111111111,3.7777777777777777,3.5208333333333335,False,False,False,intermediate,143
sd3_018,SD3,Narcissism,,+,likert_5,I insist on getting the respect I deserve.,288,0.2769097222222222,0.2769097222222222,0.7048611111111112,0.21875,0.1310763888888889,0.1310763888888889,2.7777777777777777,3.3020833333333335,True,False,False,intermediate,144
ipip_011,IPIP-NEO-120,Neuroticism,N3 Depression,+,likert_5,Often feel blue,288,0.2760416666666667,0.2760416666666667,0.7777777777777778,0.1388888888888889,0.1423611111111111,0.1423611111111111,1.5555555555555556,2.125,False,False,True,intermediate,145
ipip_061,IPIP-NEO-120,Neuroticism,N1 Anxiety,+,likert_5,Am easily disturbed,288,0.2743055555555556,0.2743055555555556,0.6875,0.1875,0.15104166666666666,0.15104166666666666,1.6666666666666667,2.2708333333333335,False,False,False,intermediate,146
sd3_009,SD3,Machiavellianism,,+,likert_5,Most people can be manipulated.,288,0.2743055555555556,0.2743055555555556,0.5833333333333334,0.4166666666666667,-0.2309027777777778,-0.2309027777777778,4.055555555555555,3.1319444444444446,True,True,False,intermediate,147
zkpq_011,ZKPQ-50-CC,Aggression-Hostility,,+,true_false,"When I get mad, I say ugly things.",288,0.2743055555555556,0.2743055555555556,0.2743055555555556,0.2743055555555556,0.07291666666666667,0.07291666666666667,0.2222222222222222,0.2951388888888889,True,False,False,intermediate,148
ipip_031,IPIP-NEO-120,Neuroticism,N1 Anxiety,+,likert_5,Fear for the worst,288,0.2743055555555556,0.2743055555555556,0.7673611111111112,0.1423611111111111,0.013888888888888888,0.013888888888888888,2.111111111111111,2.1666666666666665,False,False,False,intermediate,149
zkpq_030,ZKPQ-50-CC,Impulsive_Sensation_Seeking,,+,true_false,"I like ""wild"" uninhibited parties.",288,0.2743055555555556,0.2743055555555556,0.2743055555555556,0.2743055555555556,0.2743055555555556,0.2743055555555556,0.0,0.2743055555555556,False,False,False,intermediate,150
ipip_088,IPIP-NEO-120,Openness,O6 Liberalism,-,likert_5,Believe that we should be tough on crime,288,0.2699652777777778,0.2699652777777778,0.8402777777777778,0.07291666666666667,0.0234375,-0.0234375,3.1666666666666665,3.2604166666666665,False,True,False,intermediate,151
ipip_024,IPIP-NEO-120,Agreeableness,A5 Modesty,-,likert_5,Believe that I am better than others,288,0.2682291666666667,0.2682291666666667,0.5972222222222222,0.1736111111111111,0.14322916666666666,-0.14322916666666666,1.5,2.0729166666666665,False,False,False,intermediate,152
ipip_068,IPIP-NEO-120,Openness,O2 Artistic Interests,+,likert_5,Like music,288,0.2682291666666667,0.2682291666666667,0.7430555555555556,0.0,0.18663194444444445,0.18663194444444445,3.7222222222222223,4.46875,False,False,False,intermediate,153
ipip_066,IPIP-NEO-120,Neuroticism,N2 Anger,+,likert_5,Lose my composure,288,0.2664930555555556,0.2664930555555556,0.7430555555555556,0.10416666666666667,0.006076388888888889,0.006076388888888889,1.8888888888888888,1.9131944444444444,False,False,False,intermediate,154
ipip_084,IPIP-NEO-120,Agreeableness,A5 Modesty,-,likert_5,Boast about my virtues,288,0.2664930555555556,0.2664930555555556,0.6006944444444444,0.16666666666666666,0.06684027777777778,-0.06684027777777778,1.7222222222222223,1.9895833333333333,False,False,False,intermediate,155
ipip_106,IPIP-NEO-120,Neuroticism,N4 Self-Consciousness,+,likert_5,Am afraid of many things,288,0.2647569444444444,0.2647569444444444,0.6805555555555556,0.15625,0.006076388888888889,0.006076388888888889,1.9444444444444444,1.96875,False,False,False,intermediate,156
ipip_034,IPIP-NEO-120,Agreeableness,A1 Trust,+,likert_5,Believe that others have good intentions,288,0.2612847222222222,0.2612847222222222,0.7395833333333334,0.18055555555555555,-0.0685763888888889,-0.0685763888888889,3.8333333333333335,3.5590277777777777,False,False,False,intermediate,157
ipip_072,IPIP-NEO-120,Extraversion,E3 Assertiveness,-,likert_5,Wait for others to lead the way,288,0.2612847222222222,0.2612847222222222,0.7326388888888888,0.14930555555555555,-0.1171875,0.1171875,2.3333333333333335,1.8645833333333333,False,False,False,intermediate,158
zkpq_020,ZKPQ-50-CC,Aggression-Hostility,,+,true_false,"When people shout at me, I shout back.",288,0.2604166666666667,0.2604166666666667,0.2604166666666667,0.2604166666666667,0.19791666666666666,0.19791666666666666,0.05555555555555555,0.2534722222222222,True,False,False,intermediate,159
ipip_094,IPIP-NEO-120,Agreeableness,A1 Trust,-,likert_5,Distrust people,288,0.2526041666666667,0.2526041666666667,0.6458333333333334,0.1875,-0.049479166666666664,0.049479166666666664,2.3333333333333335,2.1354166666666665,False,False,False,intermediate,160
ipip_038,IPIP-NEO-120,Openness,O2 Artistic Interests,+,likert_5,See beauty in things that others might not notice,288,0.2482638888888889,0.2482638888888889,0.6145833333333334,0.20833333333333334,-0.1423611111111111,-0.1423611111111111,4.444444444444445,3.875,False,False,False,intermediate,161
ipip_008,IPIP-NEO-120,Openness,O2 Artistic Interests,+,likert_5,Believe in the importance of art,288,0.2482638888888889,0.2482638888888889,0.6145833333333334,0.1111111111111111,-0.1875,-0.1875,4.722222222222222,3.9722222222222223,False,False,False,intermediate,162
zkpq_019,ZKPQ-50-CC,Aggression-Hostility,,-,true_false,I am always patient with others even when they are irritating.,288,0.2465277777777778,0.2465277777777778,0.2465277777777778,0.2465277777777778,0.003472222222222222,-0.003472222222222222,0.16666666666666666,0.1701388888888889,True,False,False,intermediate,163
ipip_087,IPIP-NEO-120,Extraversion,E6 Cheerfulness,+,likert_5,Look at the bright side of life,288,0.24131944444444445,0.24131944444444445,0.7083333333333334,0.15625,-0.036458333333333336,-0.036458333333333336,3.888888888888889,3.7430555555555554,False,False,False,intermediate,164
ipip_071,IPIP-NEO-120,Neuroticism,N3 Depression,-,likert_5,Feel comfortable with myself,288,0.2378472222222222,0.2378472222222222,0.7638888888888888,0.006944444444444444,0.16493055555555555,-0.16493055555555555,3.611111111111111,4.270833333333333,False,False,True,intermediate,165
ipip_014,IPIP-NEO-120,Agreeableness,A3 Altruism,+,likert_5,Love to help others,288,0.2378472222222222,0.2378472222222222,0.5416666666666666,0.1284722222222222,-0.1996527777777778,-0.1996527777777778,4.833333333333333,4.034722222222222,False,False,False,intermediate,166
ipip_060,IPIP-NEO-120,Conscientiousness,C6 Cautiousness,-,likert_5,Make rash decisions,288,0.2378472222222222,0.2378472222222222,0.4548611111111111,0.23958333333333334,0.2204861111111111,-0.2204861111111111,1.1111111111111112,1.9930555555555556,False,False,False,intermediate,167
ipip_004,IPIP-NEO-120,Agreeableness,A1 Trust,+,likert_5,Trust others,288,0.234375,0.234375,0.7048611111111112,0.17708333333333334,-0.034722222222222224,-0.034722222222222224,3.5,3.361111111111111,False,False,False,intermediate,168
ipip_036,IPIP-NEO-120,Neuroticism,N2 Anger,+,likert_5,Lose my temper,288,0.23350694444444445,0.23350694444444445,0.7430555555555556,0.07291666666666667,0.1449652777777778,0.1449652777777778,1.5,2.079861111111111,False,False,False,intermediate,169
ipip_029,IPIP-NEO-120,Agreeableness,A6 Sympathy,+,likert_5,Sympathize with the homeless,272,0.23345588235294118,0.23345588235294118,0.6360294117647058,0.14338235294117646,-0.12316176470588236,-0.12316176470588236,4.529411764705882,4.036764705882353,False,False,False,intermediate,170
sd3_001,SD3,Machiavellianism,,+,likert_5,It's not wise to tell your secrets.,288,0.2326388888888889,0.2326388888888889,0.6041666666666666,0.2916666666666667,-0.10416666666666667,-0.10416666666666667,3.888888888888889,3.4722222222222223,True,False,False,intermediate,171
sd3_022,SD3,Psychopathy,,+,likert_5,People often say I'm out of control.,288,0.2326388888888889,0.2326388888888889,0.4965277777777778,0.14930555555555555,0.046875,0.046875,1.5555555555555556,1.7430555555555556,True,False,False,intermediate,172
ipip_054,IPIP-NEO-120,Agreeableness,A5 Modesty,-,likert_5,Have a high opinion of myself,288,0.23177083333333334,0.23177083333333334,0.7916666666666666,0.041666666666666664,0.05295138888888889,-0.05295138888888889,3.1666666666666665,3.3784722222222223,False,False,True,intermediate,173
ipip_064,IPIP-NEO-120,Agreeableness,A1 Trust,+,likert_5,Trust what people say,288,0.2282986111111111,0.2282986111111111,0.6458333333333334,0.2326388888888889,0.08246527777777778,0.08246527777777778,2.4444444444444446,2.7743055555555554,False,False,False,intermediate,174
sd3_004,SD3,Machiavellianism,,+,likert_5,Avoid direct conflict with others because they may be useful in the future.,288,0.2248263888888889,0.2248263888888889,0.5868055555555556,0.18055555555555555,-0.11371527777777778,-0.11371527777777778,2.611111111111111,2.15625,True,False,False,intermediate,175
sd3_008,SD3,Machiavellianism,,+,likert_5,"Make sure your plans benefit you, not others.",288,0.2222222222222222,0.2222222222222222,0.6319444444444444,0.09375,0.020833333333333332,0.020833333333333332,1.8333333333333333,1.9166666666666667,True,False,False,intermediate,176
ipip_114,IPIP-NEO-120,Agreeableness,A5 Modesty,-,likert_5,Think highly of myself,288,0.21875,0.21875,0.7361111111111112,0.03819444444444445,0.057291666666666664,-0.057291666666666664,3.2777777777777777,3.5069444444444446,False,False,True,intermediate,177
ipip_110,IPIP-NEO-120,Conscientiousness,C4 Achievement-Striving,-,likert_5,Do just enough work to get by,288,0.2170138888888889,0.2170138888888889,0.5729166666666666,0.12152777777777778,0.022569444444444444,-0.022569444444444444,1.6111111111111112,1.7013888888888888,False,False,False,intermediate,178
zkpq_039,ZKPQ-50-CC,Neuroticism-Anxiety,,-,true_false,I don't let a lot of trivial things irritate me.,288,0.2152777777777778,0.2152777777777778,0.2152777777777778,0.2152777777777778,0.05555555555555555,-0.05555555555555555,0.8333333333333334,0.8888888888888888,False,False,False,intermediate,179
zkpq_016,ZKPQ-50-CC,Aggression-Hostility,,+,true_false,When people disagree with me I cannot help getting into an argument with them.,288,0.21180555555555555,0.21180555555555555,0.21180555555555555,0.21180555555555555,0.21180555555555555,0.21180555555555555,0.0,0.21180555555555555,True,False,False,intermediate,180
ipip_089,IPIP-NEO-120,Agreeableness,A6 Sympathy,-,likert_5,Am indifferent to the feelings of others,288,0.20833333333333334,0.20833333333333334,0.5034722222222222,0.1284722222222222,0.1527777777777778,-0.1527777777777778,1.2222222222222223,1.8333333333333333,False,False,True,intermediate,181
zkpq_013,ZKPQ-50-CC,Aggression-Hostility,,-,true_false,I almost never feel like I would like to hit someone.,288,0.2048611111111111,0.2048611111111111,0.2048611111111111,0.2048611111111111,-0.017361111111111112,0.017361111111111112,0.8888888888888888,0.8715277777777778,True,True,True,intermediate,182
sd3_007,SD3,Machiavellianism,,+,likert_5,There are things you should hide from other people because they don't need to know.,288,0.20399305555555555,0.20399305555555555,0.46875,0.2326388888888889,-0.1675347222222222,-0.1675347222222222,4.222222222222222,3.5520833333333335,True,False,False,intermediate,183
sd3_021,SD3,Psychopathy,,+,likert_5,Payback needs to be quick and nasty.,272,0.20220588235294118,0.20220588235294118,0.4632352941176471,0.15073529411764705,0.04595588235294118,0.04595588235294118,1.588235294117647,1.7720588235294117,True,True,False,intermediate,184
ipip_101,IPIP-NEO-120,Neuroticism,N3 Depression,+,likert_5,Feel desperate,288,0.1996527777777778,0.1996527777777778,0.6354166666666666,0.006944444444444444,-0.017361111111111112,-0.017361111111111112,1.6111111111111112,1.5416666666666667,False,False,True,intermediate,185
ipip_118,IPIP-NEO-120,Openness,O6 Liberalism,-,likert_5,Tend to vote for conservative political candidates,288,0.1987847222222222,0.1987847222222222,0.6076388888888888,0.04861111111111111,-0.030381944444444444,0.030381944444444444,2.9444444444444446,2.8229166666666665,False,False,False,intermediate,186
ipip_028,IPIP-NEO-120,Openness,O6 Liberalism,+,likert_5,Tend to vote for liberal political candidates,288,0.1970486111111111,0.1970486111111111,0.5902777777777778,0.052083333333333336,-0.04600694444444445,-0.04600694444444445,3.2777777777777777,3.09375,False,False,False,intermediate,187
ipip_025,IPIP-NEO-120,Conscientiousness,C5 Self-Discipline,+,likert_5,Have excellent ideas,288,0.19444444444444445,0.19444444444444445,0.6076388888888888,0.0763888888888889,-0.005208333333333333,-0.005208333333333333,4.0,3.9791666666666665,False,False,False,intermediate,188
ipip_020,IPIP-NEO-120,Conscientiousness,C4 Achievement-Striving,+,likert_5,Work hard,288,0.19270833333333334,0.19270833333333334,0.5763888888888888,0.03125,-0.027777777777777776,-0.027777777777777776,4.333333333333333,4.222222222222222,False,False,False,intermediate,189
ipip_065,IPIP-NEO-120,Conscientiousness,C1 Self-Efficacy,+,likert_5,Handle tasks smoothly,288,0.1918402777777778,0.1918402777777778,0.5833333333333334,0.1076388888888889,-0.03211805555555555,-0.03211805555555555,4.166666666666667,4.038194444444445,False,False,False,intermediate,190
ipip_109,IPIP-NEO-120,Agreeableness,A4 Cooperation,-,likert_5,Hold a grudge,288,0.1918402777777778,0.1918402777777778,0.5972222222222222,0.05555555555555555,0.1171875,-0.1171875,1.3333333333333333,1.8020833333333333,False,False,False,intermediate,191
ipip_041,IPIP-NEO-120,Neuroticism,N3 Depression,+,likert_5,Dislike myself,272,0.19025735294117646,0.19025735294117646,0.5919117647058824,0.011029411764705883,-0.05974264705882353,-0.05974264705882353,1.7647058823529411,1.525735294117647,False,False,True,intermediate,192
ipip_026,IPIP-NEO-120,Neuroticism,N6 Vulnerability,+,likert_5,Panic easily,288,0.18663194444444445,0.18663194444444445,0.5902777777777778,0.017361111111111112,-0.016493055555555556,-0.016493055555555556,1.6666666666666667,1.6006944444444444,False,False,False,intermediate,193
ipip_095,IPIP-NEO-120,Conscientiousness,C1 Self-Efficacy,+,likert_5,Know how to get things done,288,0.1857638888888889,0.1857638888888889,0.5347222222222222,0.059027777777777776,-0.010416666666666666,-0.010416666666666666,4.388888888888889,4.347222222222222,False,False,False,intermediate,194
epqr_001,EPQR-A,Psychoticism,,+,yes_no,Would you take drugs which may have strange or dangerous effects?,288,0.18055555555555555,0.18055555555555555,0.18055555555555555,0.18055555555555555,0.18055555555555555,0.18055555555555555,0.0,0.18055555555555555,True,True,False,intermediate,195
ipip_050,IPIP-NEO-120,Conscientiousness,C4 Achievement-Striving,+,likert_5,Do more than what's expected of me,288,0.1753472222222222,0.1753472222222222,0.4930555555555556,0.09722222222222222,-0.057291666666666664,-0.057291666666666664,4.388888888888889,4.159722222222222,False,False,False,intermediate,196
ipip_080,IPIP-NEO-120,Conscientiousness,C4 Achievement-Striving,+,likert_5,Set high standards for myself,288,0.1701388888888889,0.1701388888888889,0.5694444444444444,0.024305555555555556,-0.027777777777777776,-0.027777777777777776,4.5,4.388888888888889,False,False,True,intermediate,197
sd3_005,SD3,Machiavellianism,,+,likert_5,It's wise to keep track of information that you can use against people later.,288,0.16927083333333334,0.16927083333333334,0.4270833333333333,0.11805555555555555,0.1310763888888889,0.1310763888888889,1.1666666666666667,1.6909722222222223,True,False,False,locked,198
sd3_025,SD3,Psychopathy,,-,likert_5,I have never gotten into trouble with the law.,288,0.16927083333333334,0.16927083333333334,0.4548611111111111,0.0798611111111111,-0.06336805555555555,0.06336805555555555,4.666666666666667,4.413194444444445,True,True,False,locked,199
zkpq_034,ZKPQ-50-CC,Neuroticism-Anxiety,,+,true_false,I am easily frightened.,288,0.16319444444444445,0.16319444444444445,0.16319444444444445,0.16319444444444445,0.052083333333333336,0.052083333333333336,0.05555555555555555,0.1076388888888889,False,False,False,locked,200
ipip_006,IPIP-NEO-120,Neuroticism,N2 Anger,+,likert_5,Get angry easily,288,0.15885416666666666,0.15885416666666666,0.5868055555555556,0.013888888888888888,0.05295138888888889,0.05295138888888889,1.6111111111111112,1.8229166666666667,False,False,False,locked,201
ipip_035,IPIP-NEO-120,Conscientiousness,C1 Self-Efficacy,+,likert_5,Excel in what I do,288,0.15625,0.15625,0.5208333333333334,0.0,0.07118055555555555,0.07118055555555555,4.166666666666667,4.451388888888889,False,False,False,locked,202
sd3_027,SD3,Psychopathy,,+,likert_5,I'll say anything to get what I want.,288,0.14322916666666666,0.14322916666666666,0.3923611111111111,0.0798611111111111,0.058159722222222224,0.058159722222222224,1.2777777777777777,1.5104166666666667,True,False,False,locked,203
ipip_009,IPIP-NEO-120,Agreeableness,A2 Morality,-,likert_5,Use others for my own ends,288,0.14322916666666666,0.14322916666666666,0.3784722222222222,0.06597222222222222,0.11371527777777778,-0.11371527777777778,1.1111111111111112,1.5659722222222223,False,False,False,locked,204
ipip_015,IPIP-NEO-120,Conscientiousness,C3 Dutifulness,+,likert_5,Keep my promises,288,0.14149305555555555,0.14149305555555555,0.5173611111111112,0.020833333333333332,0.006076388888888889,0.006076388888888889,4.555555555555555,4.579861111111111,False,False,False,locked,205
ipip_005,IPIP-NEO-120,Conscientiousness,C1 Self-Efficacy,+,likert_5,Complete tasks successfully,288,0.13802083333333334,0.13802083333333334,0.4930555555555556,0.010416666666666666,0.0078125,0.0078125,4.444444444444445,4.475694444444445,False,False,False,locked,206
zkpq_017,ZKPQ-50-CC,Aggression-Hostility,,+,true_false,I have a very strong temper.,288,0.13541666666666666,0.13541666666666666,0.13541666666666666,0.13541666666666666,0.03819444444444445,0.03819444444444445,0.05555555555555555,0.09375,True,False,False,locked,207
sd3_002,SD3,Machiavellianism,,+,likert_5,I like to use clever manipulation to get my way.,288,0.13368055555555555,0.13368055555555555,0.3055555555555556,0.10416666666666667,0.11284722222222222,0.11284722222222222,1.1111111111111112,1.5625,True,True,False,locked,208
sd3_019,SD3,Psychopathy,,+,likert_5,I like to get revenge on authorities.,288,0.11979166666666667,0.11979166666666667,0.3541666666666667,0.010416666666666666,0.013888888888888888,0.013888888888888888,1.2777777777777777,1.3333333333333333,True,True,False,locked,209
ipip_039,IPIP-NEO-120,Agreeableness,A2 Morality,-,likert_5,Cheat to get ahead,288,0.11458333333333333,0.11458333333333333,0.22569444444444445,0.08333333333333333,0.010416666666666666,-0.010416666666666666,1.2222222222222223,1.2638888888888888,False,True,True,locked,210
ipip_049,IPIP-NEO-120,Agreeableness,A4 Cooperation,-,likert_5,Yell at people,288,0.11024305555555555,0.11024305555555555,0.3159722222222222,0.052083333333333336,0.11024305555555555,-0.11024305555555555,1.0,1.4409722222222223,False,False,False,locked,211
sd3_006,SD3,Machiavellianism,,+,likert_5,You should wait for the right time to get back at people.,288,0.10590277777777778,0.10590277777777778,0.34375,0.024305555555555556,0.03298611111111111,0.03298611111111111,1.2777777777777777,1.4097222222222223,True,False,False,locked,212
ipip_069,IPIP-NEO-120,Agreeableness,A2 Morality,-,likert_5,Obstruct others' plans,288,0.09288194444444445,0.09288194444444445,0.2951388888888889,0.017361111111111112,0.019965277777777776,-0.019965277777777776,1.2222222222222223,1.3020833333333333,False,False,False,locked,213
ipip_079,IPIP-NEO-120,Agreeableness,A4 Cooperation,-,likert_5,Insult people,288,0.07465277777777778,0.07465277777777778,0.22916666666666666,0.020833333333333332,0.059027777777777776,-0.059027777777777776,1.0555555555555556,1.2916666666666667,False,False,False,locked,214
epqr_006,EPQR-A,Psychoticism,,+,yes_no,Do you think marriage is old-fashioned and should be done away with?,288,0.06597222222222222,0.06597222222222222,0.06597222222222222,0.06597222222222222,0.06597222222222222,0.06597222222222222,0.0,0.06597222222222222,True,False,False,locked,215
ipip_045,IPIP-NEO-120,Conscientiousness,C3 Dutifulness,+,likert_5,Tell the truth,288,0.059895833333333336,0.059895833333333336,0.22569444444444445,0.003472222222222222,-0.0390625,-0.0390625,4.944444444444445,4.788194444444445,False,False,False,locked,216
epqr_017,EPQR-A,Neuroticism,,+,yes_no,Would you call yourself tense or 'highly-strung'?,288,0.059027777777777776,0.059027777777777776,0.059027777777777776,0.059027777777777776,0.059027777777777776,0.059027777777777776,0.0,0.059027777777777776,False,False,False,locked,217
ipip_099,IPIP-NEO-120,Agreeableness,A2 Morality,-,likert_5,Take advantage of others,288,0.05555555555555555,0.05555555555555555,0.18055555555555555,0.013888888888888888,0.05555555555555555,-0.05555555555555555,1.0,1.2222222222222223,False,False,False,locked,218
epqr_004,EPQR-A,Psychoticism,,+,yes_no,Do you enjoy practical jokes that can sometimes really hurt people?,288,0.03125,0.03125,0.03125,0.03125,0.03125,0.03125,0.0,0.03125,True,True,False,locked,219
epqr_024,EPQR-A,Lie,,+,yes_no,Are all your habits good and desirable ones?,288,0.010416666666666666,0.010416666666666666,0.010416666666666666,0.010416666666666666,0.010416666666666666,0.010416666666666666,0.0,0.010416666666666666,False,False,False,locked,220
epqr_003,EPQR-A,Psychoticism,,+,yes_no,Do you enjoy hurting people you love?,288,0.0,0.0,0.0,0.0,0.0,0.0,0.0,0.0,True,True,False,locked,221
