item_id,scale,domain,facet,keyed,response_format,item_text,n_valid_pairs,mean_abs_raw_delta,mean_abs_scored_delta,value_change_rate,directional_flip_rate,mean_raw_delta,mean_scored_delta,default_mean_raw,persona_mean_raw,dark_or_antisocial_flag,safety_sensitive_flag,ai_self_or_embodied_flag,plasticity_class,plasticity_rank
epqr_005,EPQR-A,Psychoticism,,+,yes_no,Do you sometimes talk about things you know nothing about?,320,0.6268750000000001,0.6268750000000001,0.709375,0.634375,-0.6131249999999999,-0.6131249999999999,0.9800000000000001,0.366875,True,False,False,plastic,1
epqr_002,EPQR-A,Psychoticism,,+,yes_no,Do you prefer to go your own way rather than act by the rules?,320,0.600625,0.600625,0.703125,0.609375,0.505625,0.505625,0.12000000000000002,0.625625,True,False,False,plastic,2
zkpq_002,ZKPQ-50-CC,Activity,,+,true_false,I lead a busier life than most people.,320,0.599375,0.599375,0.7,0.60625,0.5643750000000001,0.5643750000000001,0.04,0.6043750000000001,False,False,False,plastic,3
epqr_019,EPQR-A,Lie,,+,yes_no,"If you say you will do something, do you always keep your promise no matter how inconvenient it might be?",320,0.5675000000000001,0.5675000000000001,0.665625,0.575,0.5449999999999999,0.5449999999999999,0.030000000000000006,0.575,False,False,False,plastic,4
zkpq_005,ZKPQ-50-CC,Activity,,-,true_false,I do not feel the need to be doing things all of the time.,320,0.5650000000000001,0.5650000000000001,0.6125,0.56875,-0.505,0.505,0.9400000000000001,0.43499999999999994,False,False,True,plastic,5
zkpq_006,ZKPQ-50-CC,Activity,,+,true_false,When on vacation I like to engage in active sports rather than just lie around.,320,0.531875,0.531875,0.665625,0.5375,0.376875,0.376875,0.26999999999999996,0.646875,False,False,False,plastic,6
zkpq_046,ZKPQ-50-CC,Sociability,,-,true_false,I would not mind being socially isolated in some place for some period of time.,320,0.526875,0.526875,0.60625,0.5375,-0.375625,0.375625,0.8300000000000001,0.4543749999999999,False,False,False,plastic,7
zkpq_003,ZKPQ-50-CC,Activity,,+,true_false,I like to be doing things all of the time.,320,0.5175,0.5175,0.65625,0.509375,0.375,0.375,0.16,0.5349999999999999,False,False,False,plastic,8
zkpq_009,ZKPQ-50-CC,Activity,,+,true_false,I like to keep busy all the time.,320,0.51625,0.51625,0.61875,0.5125,0.38499999999999995,0.38499999999999995,0.21999999999999997,0.605,False,False,False,plastic,9
zkpq_037,ZKPQ-50-CC,Neuroticism-Anxiety,,+,true_false,I often worry about things that other people think are unimportant.,320,0.51,0.51,0.59375,0.521875,0.18124999999999997,0.18124999999999997,0.32,0.50125,False,False,False,plastic,10
zkpq_008,ZKPQ-50-CC,Activity,,+,true_false,I like to be active as soon as I wake up in the morning.,320,0.506875,0.506875,0.61875,0.5125,0.44812499999999994,0.44812499999999994,0.07,0.518125,False,False,False,plastic,11
zkpq_041,ZKPQ-50-CC,Sociability,,-,true_false,I do not mind going out alone and usually prefer it to being out in a large group.,320,0.5018750000000001,0.5018750000000001,0.603125,0.50625,0.08687500000000002,-0.08687500000000002,0.39,0.47687500000000005,False,False,False,plastic,12
zkpq_024,ZKPQ-50-CC,Impulsive_Sensation_Seeking,,+,true_false,I sometimes like to do things that are a little frightening.,320,0.501875,0.501875,0.6,0.5,0.3168749999999999,0.3168749999999999,0.29,0.6068749999999999,False,False,False,plastic,13
zkpq_047,ZKPQ-50-CC,Sociability,,-,true_false,"Generally, I like to be alone so I can do things I want to do without social distractions.",320,0.501875,0.501875,0.6125,0.5,0.163125,-0.163125,0.3,0.46312499999999995,False,False,False,plastic,14
epqr_010,EPQR-A,Extraversion,,-,yes_no,Do you tend to keep in the background on social occasions?,320,0.5,0.5,0.575,0.5,0.1,-0.1,0.4,0.5,False,False,False,plastic,15
zkpq_044,ZKPQ-50-CC,Sociability,,-,true_false,I tend to be uncomfortable at big parties.,320,0.5,0.5,0.553125,0.503125,0.19375,-0.19375,0.30999999999999994,0.5037499999999999,False,False,False,plastic,16
epqr_007,EPQR-A,Extraversion,,+,yes_no,Are you a talkative person?,320,0.49812500000000004,0.49812500000000004,0.65,0.496875,0.17687499999999998,0.17687499999999998,0.32,0.496875,False,False,False,plastic,17
epqr_012,EPQR-A,Extraversion,,-,yes_no,Are you mostly quiet when you are with other people?,320,0.496875,0.496875,0.7,0.5,0.196875,-0.196875,0.3,0.496875,False,False,False,plastic,18
zkpq_045,ZKPQ-50-CC,Sociability,,+,true_false,"At parties, I enjoy mingling with many people whether I already know them or not.",320,0.49499999999999994,0.49499999999999994,0.55,0.496875,0.30375,0.30375,0.19,0.49375,False,False,False,plastic,19
zkpq_048,ZKPQ-50-CC,Sociability,,+,true_false,I am a very sociable person.,320,0.49437499999999995,0.49437499999999995,0.571875,0.496875,0.401875,0.401875,0.1,0.5018750000000001,False,False,False,plastic,20
ipip_043,IPIP-NEO-120,Openness,O3 Emotionality,+,likert_5,Feel others' emotions,320,0.49312500000000004,0.49312500000000004,0.9125,0.45625,0.34125000000000005,0.34125000000000005,2.12,3.4850000000000008,False,False,True,plastic,21
epqr_008,EPQR-A,Extraversion,,+,yes_no,Are you rather lively?,320,0.49250000000000005,0.49250000000000005,0.525,0.49375,0.33375000000000005,0.33375000000000005,0.16999999999999998,0.5037499999999999,False,False,False,plastic,22
zkpq_022,ZKPQ-50-CC,Impulsive_Sensation_Seeking,,+,true_false,I would like to take off on a trip with no preplanned or definite routes or timetables.,320,0.49187499999999995,0.49187499999999995,0.525,0.490625,0.190625,0.190625,0.32,0.5106249999999999,False,False,False,plastic,23
zkpq_049,ZKPQ-50-CC,Sociability,,-,true_false,I usually prefer to do things alone.,320,0.48687500000000006,0.48687500000000006,0.60625,0.484375,0.17312499999999997,-0.17312499999999997,0.27,0.44312500000000005,False,False,False,intermediate,24
epqr_015,EPQR-A,Neuroticism,,+,yes_no,Are your feelings easily hurt?,320,0.4856249999999999,0.4856249999999999,0.521875,0.4875,0.47437499999999994,0.47437499999999994,0.01,0.484375,False,True,True,intermediate,25
ipip_013,IPIP-NEO-120,Openness,O3 Emotionality,+,likert_5,Experience my emotions intensely,320,0.47890625,0.47890625,0.934375,0.415625,0.34578125000000004,0.34578125000000004,1.9,3.2831249999999996,False,False,True,intermediate,26
ipip_103,IPIP-NEO-120,Openness,O3 Emotionality,-,likert_5,Seldom get emotional,320,0.47093749999999995,0.47093749999999995,0.884375,0.446875,-0.311875,0.311875,4.08,2.8325,False,False,True,intermediate,27
zkpq_001,ZKPQ-50-CC,Activity,,+,true_false,I do not like to waste time just sitting around and relaxing.,320,0.47062500000000007,0.47062500000000007,0.71875,0.471875,0.220625,0.220625,0.49000000000000005,0.710625,False,False,False,intermediate,28
zkpq_010,ZKPQ-50-CC,Activity,,+,true_false,"When I do things, I do them with lots of energy.",320,0.4699999999999999,0.4699999999999999,0.64375,0.459375,0.27749999999999997,0.27749999999999997,0.3,0.5775,False,False,False,intermediate,29
zkpq_027,ZKPQ-50-CC,Impulsive_Sensation_Seeking,,+,true_false,"I sometimes do ""crazy"" things just for fun.",320,0.465625,0.465625,0.55,0.46875,0.271875,0.271875,0.21999999999999997,0.491875,False,False,False,intermediate,30
zkpq_033,ZKPQ-50-CC,Neuroticism-Anxiety,,+,true_false,I tend to be oversensitive and easily hurt by thoughtless remarks and actions of others.,320,0.46499999999999997,0.46499999999999997,0.571875,0.471875,0.23875000000000002,0.23875000000000002,0.21000000000000002,0.44875,False,True,False,intermediate,31
zkpq_035,ZKPQ-50-CC,Neuroticism-Anxiety,,+,true_false,I sometimes feel panicky.,320,0.459375,0.459375,0.5625,0.465625,0.17312500000000003,0.17312500000000003,0.3,0.473125,False,False,True,intermediate,32
epqr_009,EPQR-A,Extraversion,,+,yes_no,Can you usually let yourself go and enjoy yourself at a lively party?,320,0.456875,0.456875,0.53125,0.45,0.304375,0.304375,0.16,0.4643750000000001,False,False,False,intermediate,33
zkpq_023,ZKPQ-50-CC,Impulsive_Sensation_Seeking,,+,true_false,I enjoy getting into new situations where you can't predict how things will turn out.,320,0.45437500000000003,0.45437500000000003,0.546875,0.453125,0.20437500000000003,0.20437500000000003,0.3,0.5043749999999999,False,False,False,intermediate,34
zkpq_004,ZKPQ-50-CC,Activity,,-,true_false,I can enjoy myself just lying around and not doing anything active.,320,0.445625,0.445625,0.56875,0.428125,-0.04437500000000002,0.04437500000000002,0.35,0.30562500000000004,False,False,True,intermediate,35
ipip_033,IPIP-NEO-120,Openness,O1 Imagination,+,likert_5,Enjoy wild flights of fantasy,320,0.44437499999999996,0.44437499999999996,0.90625,0.509375,-0.34500000000000003,-0.34500000000000003,4.130000000000001,2.75,False,False,False,intermediate,36
zkpq_025,ZKPQ-50-CC,Impulsive_Sensation_Seeking,,+,true_false,I'll try anything once.,320,0.44312500000000005,0.44312500000000005,0.640625,0.453125,0.278125,0.278125,0.19,0.468125,False,False,False,intermediate,37
ipip_077,IPIP-NEO-120,Extraversion,E4 Activity Level,+,likert_5,Do a lot in my spare time,320,0.44125,0.44125,0.946875,0.3875,0.3953125,0.3953125,2.35,3.93125,False,False,False,intermediate,38
zkpq_021,ZKPQ-50-CC,Impulsive_Sensation_Seeking,,+,true_false,I often do things on impulse.,320,0.43875000000000003,0.43875000000000003,0.525,0.43125,0.22125,0.22125,0.18000000000000002,0.40125,False,False,False,intermediate,39
epqr_011,EPQR-A,Extraversion,,-,yes_no,Do you prefer reading to meeting people?,320,0.436875,0.436875,0.559375,0.4375,0.273125,-0.273125,0.16,0.433125,False,False,False,intermediate,40
ipip_017,IPIP-NEO-120,Extraversion,E4 Activity Level,+,likert_5,Am always busy,320,0.42453124999999997,0.42453124999999997,0.94375,0.490625,0.36390625,0.36390625,2.2,3.6556249999999997,False,False,False,intermediate,41
epqr_023,EPQR-A,Lie,,+,yes_no,Do you always practice what you preach?,320,0.42125,0.42125,0.534375,0.425,0.40499999999999997,0.40499999999999997,0.02,0.425,False,False,False,intermediate,42
zkpq_026,ZKPQ-50-CC,Impulsive_Sensation_Seeking,,+,true_false,"I would like the kind of life where one is on the move and travelling a lot, with lots of change and excitement.",320,0.41875,0.41875,0.484375,0.41875,0.14875,0.14875,0.27999999999999997,0.42874999999999996,False,False,False,intermediate,43
epqr_013,EPQR-A,Neuroticism,,+,yes_no,Does your mood often go up and down?,320,0.41875,0.41875,0.51875,0.425,0.275,0.275,0.12000000000000002,0.39499999999999996,False,False,False,intermediate,44
zkpq_043,ZKPQ-50-CC,Sociability,,-,true_false,I do not need a large number of casual friends.,320,0.41125,0.41125,0.484375,0.4125,-0.23249999999999998,0.23249999999999998,0.86,0.6275000000000001,False,False,False,intermediate,45
zkpq_007,ZKPQ-50-CC,Activity,,+,true_false,I like to wear myself out with hard work or exercise.,320,0.405625,0.405625,0.5125,0.403125,0.273125,0.273125,0.2,0.473125,False,False,True,intermediate,46
ipip_037,IPIP-NEO-120,Extraversion,E2 Gregariousness,+,likert_5,Talk to a lot of different people at parties,320,0.405625,0.405625,0.96875,0.31875,0.04281249999999999,0.04281249999999999,3.04,3.2112499999999997,False,False,False,intermediate,47
zkpq_012,ZKPQ-50-CC,Aggression-Hostility,,+,true_false,It's natural for me to curse when I am mad.,320,0.403125,0.403125,0.5375,0.409375,0.16562500000000002,0.16562500000000002,0.22999999999999998,0.395625,True,False,False,intermediate,48
sd3_011,SD3,Narcissism,,-,likert_5,I hate being the center of attention.,320,0.4028125,0.4028125,0.965625,0.14375,-0.06937499999999999,0.06937499999999999,3.2300000000000004,2.9524999999999997,True,False,False,intermediate,49
ipip_047,IPIP-NEO-120,Extraversion,E4 Activity Level,+,likert_5,Am always on the go,320,0.4028124999999999,0.4028124999999999,0.9625,0.390625,0.26375000000000004,0.26375000000000004,2.26,3.315,False,False,False,intermediate,50
ipip_007,IPIP-NEO-120,Extraversion,E2 Gregariousness,+,likert_5,Love large parties,320,0.40171875,0.40171875,0.9875,0.1375,0.036406249999999994,0.036406249999999994,2.79,2.9356250000000004,False,False,False,intermediate,51
zkpq_042,ZKPQ-50-CC,Sociability,,+,true_false,I spend as much time with my friends as I can.,320,0.40062499999999995,0.40062499999999995,0.578125,0.403125,0.213125,0.213125,0.2,0.4131250000000001,False,False,False,intermediate,52
ipip_083,IPIP-NEO-120,Openness,O5 Intellect,-,likert_5,Am not interested in abstract ideas,320,0.3953125,0.3953125,0.765625,0.4375,0.27937500000000004,-0.27937500000000004,1.52,2.6375,False,False,False,intermediate,53
epqr_020,EPQR-A,Lie,,-,yes_no,Were you ever greedy by helping yourself to more than your share of anything?,320,0.39312500000000006,0.39312500000000006,0.525,0.4,0.276875,-0.276875,0.13,0.406875,False,False,False,intermediate,54
ipip_093,IPIP-NEO-120,Openness,O1 Imagination,+,likert_5,Like to get lost in thought,320,0.39281249999999995,0.39281249999999995,0.890625,0.421875,-0.11343750000000001,-0.11343750000000001,3.55,3.09625,False,False,False,intermediate,55
ipip_053,IPIP-NEO-120,Openness,O5 Intellect,-,likert_5,Avoid philosophical discussions,320,0.39265625000000004,0.39265625000000004,0.7125,0.49375,0.28640625000000003,-0.28640625000000003,1.49,2.635625,False,False,False,intermediate,56
zkpq_036,ZKPQ-50-CC,Neuroticism-Anxiety,,+,true_false,I often feel unsure of myself.,320,0.39187500000000003,0.39187500000000003,0.5,0.40625,-0.026875000000000003,-0.026875000000000003,0.28,0.253125,False,False,True,intermediate,57
ipip_102,IPIP-NEO-120,Extraversion,E3 Assertiveness,+,likert_5,Am the life of the party,320,0.39156250000000004,0.39156250000000004,0.771875,0.33125,0.2584375,0.2584375,1.7399999999999998,2.77375,False,False,False,intermediate,58
ipip_063,IPIP-NEO-120,Openness,O1 Imagination,+,likert_5,Enjoy daydreaming,320,0.38468749999999996,0.38468749999999996,0.93125,0.309375,0.014062499999999995,0.014062499999999995,3.0,3.05625,False,False,False,intermediate,59
epqr_018,EPQR-A,Neuroticism,,+,yes_no,Do you worry about awful things that might happen?,320,0.38375,0.38375,0.453125,0.384375,0.27375,0.27375,0.1,0.37375,False,False,False,intermediate,60
ipip_002,IPIP-NEO-120,Extraversion,E1 Friendliness,+,likert_5,Make friends easily,320,0.3821875,0.3821875,0.95,0.384375,0.23093749999999996,0.23093749999999996,2.4,3.3237500000000004,False,False,False,intermediate,61
sd3_012,SD3,Narcissism,,+,likert_5,Many group activities tend to be dull without me.,320,0.3784375,0.3784375,0.84375,0.375,0.27125,0.27125,1.85,2.935,True,False,False,intermediate,62
ipip_040,IPIP-NEO-120,Conscientiousness,C2 Orderliness,-,likert_5,Often forget to put things back in their proper place,320,0.37828125,0.37828125,0.853125,0.371875,0.15515625,-0.15515625,2.1399999999999997,2.760625,False,False,False,intermediate,63
ipip_067,IPIP-NEO-120,Extraversion,E2 Gregariousness,+,likert_5,Enjoy parties,320,0.37765624999999997,0.37765624999999997,0.971875,0.196875,0.07671875000000002,0.07671875000000002,2.95,3.256875,False,False,False,intermediate,64
sd3_010,SD3,Narcissism,,+,likert_5,People see me as a natural leader.,320,0.3753125,0.3753125,0.95625,0.346875,0.246875,0.246875,2.4799999999999995,3.4675,True,False,False,intermediate,65
zkpq_015,ZKPQ-50-CC,Aggression-Hostility,,+,true_false,If people annoy me I do not hesitate to tell them so.,320,0.37249999999999994,0.37249999999999994,0.428125,0.365625,0.24874999999999997,0.24874999999999997,0.11000000000000001,0.35875,True,False,False,intermediate,66
zkpq_038,ZKPQ-50-CC,Neuroticism-Anxiety,,+,true_false,I often feel like crying sometimes without a reason.,320,0.37249999999999994,0.37249999999999994,0.509375,0.365625,0.033750000000000016,0.033750000000000016,0.25,0.28375000000000006,False,False,True,intermediate,67
epqr_021,EPQR-A,Lie,,-,yes_no,Have you ever blamed someone for doing something you knew was really your fault?,320,0.37124999999999997,0.37124999999999997,0.490625,0.371875,0.16624999999999998,-0.16624999999999998,0.27999999999999997,0.44625000000000004,False,False,False,intermediate,68
ipip_097,IPIP-NEO-120,Extraversion,E2 Gregariousness,-,likert_5,Avoid crowds,320,0.3678125,0.3678125,0.928125,0.175,-0.128125,0.128125,3.3299999999999996,2.8175,False,False,False,intermediate,69
zkpq_050,ZKPQ-50-CC,Sociability,,+,true_false,I probably spend more time than I should socializing with friends.,320,0.36750000000000005,0.36750000000000005,0.503125,0.390625,0.26125,0.26125,0.07999999999999999,0.34125,False,False,False,intermediate,70
ipip_107,IPIP-NEO-120,Extraversion,E4 Activity Level,-,likert_5,Prefer to be alone,320,0.36515624999999996,0.36515624999999996,0.98125,0.140625,-0.13015624999999997,0.13015625,3.19,2.669375,False,False,False,intermediate,71
epqr_014,EPQR-A,Neuroticism,,+,yes_no,Do you ever feel 'just miserable' for no reason?,320,0.364375,0.364375,0.41875,0.378125,0.15687500000000001,0.15687500000000001,0.13999999999999999,0.296875,False,False,True,intermediate,72
zkpq_031,ZKPQ-50-CC,Neuroticism-Anxiety,,+,true_false,My body often feels all tightened up for no apparent reason.,320,0.363125,0.363125,0.484375,0.36875,-0.13312499999999997,-0.13312499999999997,0.30999999999999994,0.17687500000000003,False,False,True,intermediate,73
ipip_075,IPIP-NEO-120,Conscientiousness,C3 Dutifulness,-,likert_5,Break rules,320,0.3621875,0.3621875,0.890625,0.4,0.25125,-0.25125,1.75,2.755,False,False,False,intermediate,74
ipip_001,IPIP-NEO-120,Neuroticism,N1 Anxiety,+,likert_5,Worry about things,320,0.35609375,0.35609375,0.890625,0.365625,0.21609375000000003,0.21609375000000003,1.8800000000000001,2.7443750000000002,False,False,False,intermediate,75
ipip_016,IPIP-NEO-120,Neuroticism,N4 Self-Consciousness,+,likert_5,Find it difficult to approach others,320,0.35281250000000003,0.35281250000000003,0.85625,0.371875,0.06124999999999999,0.06124999999999999,2.15,2.3950000000000005,False,False,False,intermediate,76
ipip_115,IPIP-NEO-120,Conscientiousness,C5 Self-Discipline,+,likert_5,Get chores done right away,320,0.35281250000000003,0.35281250000000003,0.846875,0.459375,-0.20031249999999998,-0.20031249999999998,4.14,3.33875,False,False,False,intermediate,77
ipip_055,IPIP-NEO-120,Conscientiousness,C5 Self-Discipline,+,likert_5,Carry out my plans,320,0.35171874999999997,0.35171874999999997,0.8625,0.31875,0.09984375,0.09984375,3.3899999999999997,3.7893749999999997,False,False,False,intermediate,78
ipip_042,IPIP-NEO-120,Extraversion,E3 Assertiveness,+,likert_5,Try to lead others,320,0.34953125000000007,0.34953125000000007,0.865625,0.453125,0.16640624999999998,0.16640624999999998,2.72,3.385625,False,False,False,intermediate,79
ipip_048,IPIP-NEO-120,Openness,O4 Adventurousness,-,likert_5,Prefer to stick with things that I know,320,0.34859375,0.34859375,0.996875,0.2625,-0.12328125000000001,0.12328125000000001,2.9899999999999998,2.496875,False,False,False,intermediate,80
ipip_105,IPIP-NEO-120,Conscientiousness,C3 Dutifulness,+,likert_5,Behave properly,320,0.34484375,0.34484375,0.796875,0.38125,-0.21171875,-0.21171875,4.29,3.4431249999999998,False,False,False,intermediate,81
ipip_003,IPIP-NEO-120,Openness,O1 Imagination,+,likert_5,Have a vivid imagination,320,0.34453125,0.34453125,0.8625,0.39375,-0.10546875,-0.10546875,3.910000000000001,3.4881249999999993,False,False,False,intermediate,82
ipip_091,IPIP-NEO-120,Neuroticism,N1 Anxiety,+,likert_5,Am stressed out,320,0.34375,0.34375,0.95,0.275,0.1453125,0.1453125,1.92,2.5012499999999998,False,False,False,intermediate,83
zkpq_040,ZKPQ-50-CC,Neuroticism-Anxiety,,+,true_false,I often feel uncomfortable and ill at ease for no real reason.,320,0.343125,0.343125,0.4,0.3625,-0.138125,-0.138125,0.27,0.13187500000000002,False,False,True,intermediate,84
zkpq_028,ZKPQ-50-CC,Impulsive_Sensation_Seeking,,+,true_false,I prefer friends who are excitingly unpredictable.,320,0.34125,0.34125,0.425,0.33125,0.125,0.125,0.17,0.29500000000000004,False,False,False,intermediate,85
epqr_022,EPQR-A,Lie,,+,yes_no,As a child did you do as you were told immediately and without grumbling?,320,0.340625,0.340625,0.365625,0.34375,0.340625,0.340625,0.0,0.340625,False,False,False,intermediate,86
sd3_026,SD3,Psychopathy,,+,likert_5,I enjoy having sex with people I hardly know.,304,0.33963815789473684,0.32648026315789475,0.8026315789473685,0.22039473684210525,-0.07615131578947368,-0.06299342105263157,2.28421052631579,1.9796052631578946,True,True,True,intermediate,87
ipip_046,IPIP-NEO-120,Neuroticism,N4 Self-Consciousness,+,likert_5,Am afraid that I will do the wrong thing,320,0.33953125,0.33953125,0.884375,0.36875,0.10765625000000001,0.10765625000000001,2.15,2.580625,False,False,False,intermediate,88
zkpq_019,ZKPQ-50-CC,Aggression-Hostility,,-,true_false,I am always patient with others even when they are irritating.,320,0.33687500000000004,0.33687500000000004,0.5,0.30625,-0.10187500000000001,0.10187499999999998,0.27999999999999997,0.178125,True,False,False,intermediate,89
ipip_018,IPIP-NEO-120,Openness,O4 Adventurousness,+,likert_5,Prefer variety to routine,320,0.336875,0.336875,0.921875,0.16875,-0.006562500000000001,-0.006562500000000001,3.4899999999999998,3.46375,False,False,False,intermediate,90
ipip_058,IPIP-NEO-120,Openness,O6 Liberalism,+,likert_5,Believe that there is no absolute right or wrong,320,0.33328125000000003,0.3309375,0.946875,0.2875,-0.08125,-0.06999999999999999,3.165,2.84,False,False,False,intermediate,91
epqr_016,EPQR-A,Neuroticism,,+,yes_no,Are you often troubled about feelings of guilt?,320,0.33187500000000003,0.33187500000000003,0.35625,0.328125,0.33187500000000003,0.33187500000000003,0.0,0.33187500000000003,False,False,True,intermediate,92
sd3_020,SD3,Psychopathy,,-,likert_5,I avoid dangerous situations.,320,0.3296875,0.3296875,0.840625,0.365625,-0.24562499999999998,0.24562499999999998,4.2700000000000005,3.2875,True,True,False,intermediate,93
ipip_120,IPIP-NEO-120,Conscientiousness,C6 Cautiousness,+,likert_5,Stick to my chosen path,320,0.32921875,0.32921875,0.940625,0.2625,-0.020781249999999994,-0.020781249999999994,3.6,3.516875,False,False,False,intermediate,94
ipip_022,IPIP-NEO-120,Extraversion,E5 Excitement Seeking,+,likert_5,Love excitement,320,0.32906250000000004,0.32906250000000004,0.915625,0.15,0.04874999999999999,0.04874999999999999,3.1,3.2950000000000004,False,False,False,intermediate,95
ipip_085,IPIP-NEO-120,Conscientiousness,C5 Self-Discipline,+,likert_5,Get to work at once,320,0.32734375,0.32734375,0.86875,0.28125,-0.06296875,-0.06296875,3.6700000000000004,3.418125,False,False,False,intermediate,96
ipip_023,IPIP-NEO-120,Openness,O5 Intellect,+,likert_5,Love to read challenging material,320,0.32593750000000005,0.32593750000000005,0.846875,0.35,-0.18687499999999999,-0.18687499999999999,4.26,3.5125,False,False,False,intermediate,97
ipip_092,IPIP-NEO-120,Extraversion,E1 Friendliness,+,likert_5,Am skilled in handling social situations,320,0.32593750000000005,0.32593750000000005,0.95,0.290625,0.0803125,0.0803125,3.31,3.63125,False,False,False,intermediate,98
ipip_032,IPIP-NEO-120,Extraversion,E1 Friendliness,+,likert_5,Feel comfortable around people,320,0.3259375,0.3259375,0.965625,0.175,0.1084375,0.1084375,3.28,3.71375,False,False,True,intermediate,99
ipip_027,IPIP-NEO-120,Extraversion,E6 Cheerfulness,+,likert_5,Radiate joy,320,0.3246875,0.3246875,0.884375,0.39375,-0.154375,-0.154375,3.94,3.3225000000000002,False,False,False,intermediate,100
zkpq_029,ZKPQ-50-CC,Impulsive_Sensation_Seeking,,+,true_false,I often get so carried away by new and exciting things and ideas that I never think of possible complications.,320,0.32250000000000006,0.32250000000000006,0.5125,0.3125,0.14375,0.14375,0.16,0.3037500000000001,False,False,False,intermediate,101
ipip_010,IPIP-NEO-120,Conscientiousness,C2 Orderliness,+,likert_5,Like to tidy up,320,0.32109375,0.32109375,0.96875,0.215625,-0.029218749999999998,-0.029218749999999998,3.3099999999999996,3.1931249999999998,False,False,False,intermediate,102
ipip_119,IPIP-NEO-120,Agreeableness,A6 Sympathy,-,likert_5,Am hard to understand,320,0.32046874999999997,0.32046874999999997,0.859375,0.378125,0.15015625,-0.15015625,2.08,2.680625,False,False,False,intermediate,103
sd3_024,SD3,Psychopathy,,+,likert_5,People who mess with me always regret it.,320,0.32015625000000003,0.32015625000000003,0.85625,0.275,0.20765625000000001,0.20765625000000001,1.7299999999999998,2.560625,True,False,False,intermediate,104
sd3_015,SD3,Narcissism,,-,likert_5,I feel embarrassed if someone compliments me.,320,0.319375,0.319375,0.8375,0.325,0.1728125,-0.17281249999999998,1.8399999999999999,2.53125,True,False,True,intermediate,105
ipip_051,IPIP-NEO-120,Neuroticism,N5 Immoderation,-,likert_5,Rarely overindulge,320,0.31703125,0.31703125,0.88125,0.24375,-0.19390625,0.19390625,4.29,3.514375,False,False,False,intermediate,106
ipip_052,IPIP-NEO-120,Extraversion,E5 Excitement Seeking,+,likert_5,Seek adventure,320,0.3153125,0.3153125,0.903125,0.253125,-0.05968749999999999,-0.05968749999999999,3.62,3.38125,False,False,False,intermediate,107
ipip_082,IPIP-NEO-120,Extraversion,E5 Excitement Seeking,+,likert_5,Act wild and crazy,320,0.3140625,0.3140625,0.7625,0.234375,0.13937500000000003,0.13937500000000003,1.75,2.3075,False,False,False,intermediate,108
ipip_111,IPIP-NEO-120,Neuroticism,N5 Immoderation,-,likert_5,Easily resist temptations,320,0.313125,0.313125,0.890625,0.390625,-0.056562499999999995,0.05656249999999998,3.3599999999999994,3.13375,False,False,False,intermediate,109
ipip_070,IPIP-NEO-120,Conscientiousness,C2 Orderliness,-,likert_5,Leave a mess in my room,320,0.3128125,0.3128125,0.721875,0.3625,0.23687499999999995,-0.23687499999999995,1.3299999999999998,2.2775,False,False,False,intermediate,110
ipip_100,IPIP-NEO-120,Conscientiousness,C2 Orderliness,+,likert_5,Want everything to be 'just right',320,0.30828125,0.30828125,0.890625,0.284375,-0.055781250000000004,-0.055781250000000004,3.5599999999999996,3.3368750000000005,False,False,False,intermediate,111
ipip_021,IPIP-NEO-120,Neuroticism,N5 Immoderation,+,likert_5,Go on binges,320,0.308125,0.308125,0.740625,0.25,0.2034375,0.2034375,1.46,2.2737499999999997,False,False,False,intermediate,112
sd3_014,SD3,Narcissism,,+,likert_5,I like to get acquainted with important people.,320,0.30796875,0.30796875,0.978125,0.246875,0.09890625,0.09890625,2.7399999999999998,3.135625,True,False,False,intermediate,113
sd3_003,SD3,Machiavellianism,,+,likert_5,"Whatever it takes, you must get the important people on your side.",320,0.29906249999999995,0.29906249999999995,0.878125,0.3125,0.1878125,0.1878125,2.1499999999999995,2.90125,True,False,False,intermediate,114
ipip_096,IPIP-NEO-120,Neuroticism,N2 Anger,-,likert_5,Am not easily annoyed,320,0.29703125,0.29703125,0.934375,0.271875,-0.21359375000000003,0.21359374999999997,4.34,3.485625,False,False,False,intermediate,115
ipip_057,IPIP-NEO-120,Extraversion,E6 Cheerfulness,+,likert_5,Have a lot of fun,320,0.29500000000000004,0.29500000000000004,0.846875,0.315625,-0.031249999999999993,-0.031249999999999993,3.84,3.715,False,False,False,intermediate,116
zkpq_011,ZKPQ-50-CC,Aggression-Hostility,,+,true_false,"When I get mad, I say ugly things.",320,0.29500000000000004,0.29500000000000004,0.465625,0.3,0.049999999999999996,0.049999999999999996,0.24000000000000005,0.29000000000000004,True,False,False,intermediate,117
zkpq_014,ZKPQ-50-CC,Aggression-Hostility,,-,true_false,"If someone offends me, I just try not to think about it.",320,0.29437499999999994,0.29437499999999994,0.478125,0.259375,0.164375,-0.16437500000000002,0.10999999999999999,0.274375,True,False,False,intermediate,118
ipip_086,IPIP-NEO-120,Neuroticism,N6 Vulnerability,+,likert_5,Can't make up my mind,320,0.2940625,0.2940625,0.821875,0.275,0.040937499999999995,0.040937499999999995,2.08,2.24375,False,False,False,intermediate,119
ipip_062,IPIP-NEO-120,Extraversion,E1 Friendliness,+,likert_5,Act comfortable with others,320,0.2934375,0.2934375,0.865625,0.271875,-0.07374999999999998,-0.07374999999999998,4.05,3.755,False,False,False,intermediate,120
sd3_016,SD3,Narcissism,,+,likert_5,I have been compared to famous people.,320,0.291875,0.291875,0.9125,0.4,0.1728125,0.1728125,2.3,2.99125,True,False,False,intermediate,121
ipip_019,IPIP-NEO-120,Agreeableness,A4 Cooperation,-,likert_5,Love a good fight,320,0.29171874999999997,0.29171874999999997,0.81875,0.225,0.11984375,-0.11984374999999999,1.8399999999999999,2.319375,False,True,False,intermediate,122
ipip_117,IPIP-NEO-120,Extraversion,E6 Cheerfulness,+,likert_5,Am always joking around,320,0.290625,0.290625,0.784375,0.25625,0.136875,0.136875,1.89,2.4375,False,False,False,intermediate,123
ipip_044,IPIP-NEO-120,Agreeableness,A3 Altruism,+,likert_5,Am concerned about others,320,0.289375,0.289375,0.8625,0.259375,-0.06375,-0.06375,4.089999999999999,3.8349999999999995,False,False,False,intermediate,124
ipip_056,IPIP-NEO-120,Neuroticism,N6 Vulnerability,+,likert_5,Become overwhelmed by events,320,0.28796875,0.28796875,0.840625,0.2375,0.16859375000000001,0.16859375000000001,1.7299999999999998,2.404375,False,False,False,intermediate,125
ipip_073,IPIP-NEO-120,Openness,O3 Emotionality,+,likert_5,Enjoy thinking about things,320,0.28718750000000004,0.28718750000000004,0.753125,0.240625,-0.1521875,-0.1521875,4.45,3.8412499999999996,False,False,False,intermediate,126
ipip_104,IPIP-NEO-120,Agreeableness,A3 Altruism,-,likert_5,Am not really interested in others,320,0.28656249999999994,0.28656249999999994,0.8125,0.225,-0.05187499999999999,0.05187499999999999,2.06,1.8524999999999998,False,False,False,intermediate,127
ipip_090,IPIP-NEO-120,Conscientiousness,C6 Cautiousness,-,likert_5,Jump into things without thinking,320,0.28515625,0.28515625,0.725,0.246875,0.15140625000000002,-0.15140625000000002,1.5699999999999998,2.175625,False,False,False,intermediate,128
sd3_009,SD3,Machiavellianism,,+,likert_5,Most people can be manipulated.,320,0.28296875000000005,0.27265625,0.73125,0.428125,-0.24546874999999999,-0.23046875,4.1,3.118125,True,True,False,intermediate,129
ipip_112,IPIP-NEO-120,Extraversion,E5 Excitement Seeking,+,likert_5,Seek danger,320,0.28265624999999994,0.28140624999999997,0.709375,0.278125,0.12932291666666668,0.13265625,1.653333333333333,2.170625,False,True,False,intermediate,130
ipip_059,IPIP-NEO-120,Agreeableness,A6 Sympathy,+,likert_5,Feel sympathy for those who are worse off than myself,320,0.28234375,0.28234375,0.728125,0.275,-0.04453124999999999,-0.04453124999999999,4.15,3.971875,False,False,True,intermediate,131
ipip_078,IPIP-NEO-120,Openness,O4 Adventurousness,-,likert_5,Dislike changes,320,0.28140624999999997,0.28140624999999997,0.875,0.24375,-0.017968750000000012,0.01796875000000001,2.4,2.328125,False,False,False,intermediate,132
ipip_076,IPIP-NEO-120,Neuroticism,N4 Self-Consciousness,+,likert_5,Only feel comfortable with friends,320,0.280625,0.280625,0.865625,0.35,0.027187500000000014,0.027187500000000014,2.19,2.2987499999999996,False,False,True,intermediate,133
sd3_018,SD3,Narcissism,,+,likert_5,I insist on getting the respect I deserve.,320,0.27953125,0.27953125,0.865625,0.346875,0.14203125,0.14203125,2.6900000000000004,3.2581249999999997,True,False,False,intermediate,134
ipip_030,IPIP-NEO-120,Conscientiousness,C6 Cautiousness,-,likert_5,Rush into things,320,0.27937500000000004,0.27937500000000004,0.7375,0.25625,0.1125,-0.1125,1.8800000000000001,2.33,False,False,False,intermediate,135
sd3_023,SD3,Psychopathy,,+,likert_5,It's true that I can be mean to others.,320,0.278125,0.278125,0.75625,0.2625,0.12468749999999998,0.12468749999999998,1.8,2.2987499999999996,True,False,False,intermediate,136
ipip_074,IPIP-NEO-120,Agreeableness,A3 Altruism,-,likert_5,Am not interested in other people's problems,320,0.27703125,0.27703125,0.71875,0.275,0.11921875000000001,-0.11921875,1.64,2.1168750000000003,False,False,False,intermediate,137
ipip_012,IPIP-NEO-120,Extraversion,E3 Assertiveness,+,likert_5,Take charge,320,0.27671875,0.27671875,0.9,0.259375,-0.04265624999999999,-0.04265624999999999,3.6399999999999997,3.4693750000000003,False,False,False,intermediate,138
ipip_113,IPIP-NEO-120,Openness,O5 Intellect,+,likert_5,Try to understand myself,320,0.2725,0.2725,0.88125,0.325,0.0003125000000000017,0.0003125000000000017,3.9,3.90125,False,False,True,intermediate,139
ipip_034,IPIP-NEO-120,Agreeableness,A1 Trust,+,likert_5,Believe that others have good intentions,320,0.27140624999999996,0.27140624999999996,0.853125,0.334375,-0.07578125,-0.07578125,3.8299999999999996,3.5268749999999995,False,False,False,intermediate,140
zkpq_018,ZKPQ-50-CC,Aggression-Hostility,,+,true_false,I can't help being a little rude to people I do not like.,320,0.270625,0.270625,0.36875,0.271875,0.12687500000000002,0.12687500000000002,0.12999999999999998,0.256875,True,False,False,intermediate,141
ipip_061,IPIP-NEO-120,Neuroticism,N1 Anxiety,+,likert_5,Am easily disturbed,320,0.270625,0.270625,0.78125,0.2125,0.1540625,0.1540625,1.6800000000000002,2.2962499999999997,False,False,False,intermediate,142
zkpq_030,ZKPQ-50-CC,Impulsive_Sensation_Seeking,,+,true_false,"I like ""wild"" uninhibited parties.",320,0.27,0.27,0.275,0.271875,0.27,0.27,0.0,0.27,False,False,False,intermediate,143
ipip_072,IPIP-NEO-120,Extraversion,E3 Assertiveness,-,likert_5,Wait for others to lead the way,320,0.269375,0.269375,0.859375,0.2,-0.13406250000000003,0.1340625,2.3899999999999997,1.8537500000000002,False,False,False,intermediate,144
ipip_088,IPIP-NEO-120,Openness,O6 Liberalism,-,likert_5,Believe that we should be tough on crime,320,0.266875,0.2640625,0.875,0.171875,0.004687499999999995,-0.004687499999999997,3.22,3.2387500000000005,False,True,False,intermediate,145
sd3_017,SD3,Narcissism,,-,likert_5,I am an average person.,320,0.26656250000000004,0.2665625,0.815625,0.209375,0.0975,-0.0975,1.7899999999999998,2.18,True,False,False,intermediate,146
ipip_081,IPIP-NEO-120,Neuroticism,N5 Immoderation,-,likert_5,Am able to control my cravings,320,0.26515625000000004,0.2653125,0.909375,0.25,0.027812500000000007,-0.02906250000000001,3.425,3.53625,False,False,False,intermediate,147
ipip_106,IPIP-NEO-120,Neuroticism,N4 Self-Consciousness,+,likert_5,Am afraid of many things,320,0.26437499999999997,0.26437499999999997,0.8,0.296875,0.03906250000000001,0.03906250000000001,1.7899999999999998,1.9462499999999998,False,False,False,intermediate,148
ipip_008,IPIP-NEO-120,Openness,O2 Artistic Interests,+,likert_5,Believe in the importance of art,320,0.26,0.26,0.696875,0.159375,-0.20625,-0.20625,4.75,3.925,False,False,False,intermediate,149
ipip_098,IPIP-NEO-120,Openness,O2 Artistic Interests,-,likert_5,Do not like art,320,0.25921874999999994,0.25921874999999994,0.853125,0.06875,-0.08265625000000001,0.08265625000000001,2.18,1.8493749999999998,False,False,False,intermediate,150
ipip_116,IPIP-NEO-120,Neuroticism,N6 Vulnerability,+,likert_5,Feel that my life lacks direction,320,0.2575,0.2575,0.8125,0.109375,-0.07750000000000001,-0.07750000000000001,2.14,1.83,False,False,True,intermediate,151
zkpq_020,ZKPQ-50-CC,Aggression-Hostility,,+,true_false,"When people shout at me, I shout back.",320,0.25562500000000005,0.25562500000000005,0.321875,0.2625,0.20812499999999998,0.20812499999999998,0.04,0.248125,True,False,False,intermediate,152
ipip_054,IPIP-NEO-120,Agreeableness,A5 Modesty,-,likert_5,Have a high opinion of myself,320,0.25421875,0.25421875000000005,0.9125,0.14375,0.09203125,-0.09203125,2.96,3.328125,False,False,True,intermediate,153
ipip_108,IPIP-NEO-120,Openness,O4 Adventurousness,-,likert_5,Dislike new foods,320,0.25375,0.25375,0.8875,0.128125,-0.0171875,0.017187499999999998,2.15,2.08125,False,False,True,intermediate,154
ipip_011,IPIP-NEO-120,Neuroticism,N3 Depression,+,likert_5,Often feel blue,320,0.25265624999999997,0.25265624999999997,0.875,0.15625,0.10359375000000001,0.10359375000000001,1.69,2.104375,False,False,True,intermediate,155
ipip_029,IPIP-NEO-120,Agreeableness,A6 Sympathy,+,likert_5,Sympathize with the homeless,320,0.2509375,0.25140625,0.728125,0.20625,-0.17083333333333334,-0.16125,4.663333333333333,3.9799999999999995,False,False,False,intermediate,156
zkpq_032,ZKPQ-50-CC,Neuroticism-Anxiety,,+,true_false,I frequently get emotionally upset.,320,0.250625,0.250625,0.371875,0.271875,0.148125,0.148125,0.06999999999999999,0.21812499999999999,False,False,True,intermediate,157
ipip_087,IPIP-NEO-120,Extraversion,E6 Cheerfulness,+,likert_5,Look at the bright side of life,320,0.25031250000000005,0.25031250000000005,0.809375,0.26875,-0.11968750000000002,-0.11968750000000002,4.2,3.72125,False,False,False,intermediate,158
ipip_014,IPIP-NEO-120,Agreeableness,A3 Altruism,+,likert_5,Love to help others,320,0.24968749999999998,0.24968749999999998,0.70625,0.16875,-0.19625,-0.19625,4.779999999999999,3.995,False,False,False,intermediate,159
ipip_024,IPIP-NEO-120,Agreeableness,A5 Modesty,-,likert_5,Believe that I am better than others,320,0.24781250000000005,0.24781250000000005,0.746875,0.215625,0.1609375,-0.1609375,1.44,2.0837499999999998,False,False,False,intermediate,160
sd3_013,SD3,Narcissism,,+,likert_5,I know that I am special because everyone keeps telling me so.,320,0.2475,0.2475,0.759375,0.175,0.1153125,0.1153125,1.64,2.1012500000000003,True,False,False,intermediate,161
ipip_071,IPIP-NEO-120,Neuroticism,N3 Depression,-,likert_5,Feel comfortable with myself,320,0.24515624999999996,0.24515624999999996,0.89375,0.0125,0.17796875,-0.17796875,3.5599999999999996,4.271875,False,False,True,intermediate,162
ipip_038,IPIP-NEO-120,Openness,O2 Artistic Interests,+,likert_5,See beauty in things that others might not notice,320,0.24421875,0.24421875,0.7375,0.2375,-0.12234375000000001,-0.12234375000000001,4.4,3.9106250000000005,False,False,False,intermediate,163
ipip_031,IPIP-NEO-120,Neuroticism,N1 Anxiety,+,likert_5,Fear for the worst,320,0.24203124999999998,0.24203124999999998,0.88125,0.178125,0.060781249999999995,0.060781249999999995,1.97,2.2131250000000002,False,False,False,intermediate,164
ipip_036,IPIP-NEO-120,Neuroticism,N2 Anger,+,likert_5,Lose my temper,320,0.23953125000000003,0.23953125000000003,0.878125,0.13125,0.11171875,0.11171875,1.61,2.0568750000000002,False,False,False,intermediate,165
ipip_114,IPIP-NEO-120,Agreeableness,A5 Modesty,-,likert_5,Think highly of myself,320,0.23703124999999997,0.23703124999999997,0.8625,0.121875,0.07453125,-0.07453125000000001,3.15,3.4481249999999997,False,False,True,intermediate,166
ipip_064,IPIP-NEO-120,Agreeableness,A1 Trust,+,likert_5,Trust what people say,320,0.23604166666666665,0.23093750000000002,0.796875,0.359375,0.08114583333333335,0.0878125,2.456666666666666,2.78125,False,False,False,intermediate,167
ipip_004,IPIP-NEO-120,Agreeableness,A1 Trust,+,likert_5,Trust others,320,0.23531250000000004,0.23531250000000004,0.921875,0.253125,-0.042499999999999996,-0.042499999999999996,3.5100000000000002,3.34,False,False,False,intermediate,168
ipip_068,IPIP-NEO-120,Openness,O2 Artistic Interests,+,likert_5,Like music,320,0.234375,0.234375,0.828125,0.003125,0.15375,0.15375,3.8599999999999994,4.475,False,False,False,intermediate,169
ipip_066,IPIP-NEO-120,Neuroticism,N2 Anger,+,likert_5,Lose my composure,320,0.23328125000000002,0.23328125000000002,0.815625,0.090625,0.06515625,0.06515625,1.6799999999999997,1.940625,False,False,False,intermediate,170
ipip_084,IPIP-NEO-120,Agreeableness,A5 Modesty,-,likert_5,Boast about my virtues,320,0.22953125000000002,0.22953124999999996,0.678125,0.18125,0.09546874999999999,-0.09546874999999999,1.54,1.921875,False,False,False,intermediate,171
ipip_118,IPIP-NEO-120,Openness,O6 Liberalism,-,likert_5,Tend to vote for conservative political candidates,320,0.22937500000000002,0.2146875,0.853125,0.175,-0.03656250000000001,0.014062500000000002,2.96,2.8137499999999998,False,False,False,intermediate,172
sd3_001,SD3,Machiavellianism,,+,likert_5,It's not wise to tell your secrets.,320,0.22874999999999995,0.22874999999999995,0.803125,0.309375,-0.1028125,-0.1028125,3.88,3.46875,True,False,False,intermediate,173
ipip_060,IPIP-NEO-120,Conscientiousness,C6 Cautiousness,-,likert_5,Make rash decisions,320,0.22781250000000003,0.22781250000000003,0.578125,0.24375,0.20656249999999998,-0.20656250000000004,1.16,1.9862499999999996,False,False,False,intermediate,174
sd3_022,SD3,Psychopathy,,+,likert_5,People often say I'm out of control.,320,0.22749999999999998,0.22749999999999998,0.615625,0.159375,0.02281249999999999,0.02281249999999999,1.65,1.7412500000000002,True,False,False,intermediate,175
ipip_110,IPIP-NEO-120,Conscientiousness,C4 Achievement-Striving,-,likert_5,Do just enough work to get by,320,0.22312500000000002,0.22312499999999996,0.75625,0.178125,0.041249999999999995,-0.04125,1.5599999999999998,1.725,False,False,False,intermediate,176
zkpq_013,ZKPQ-50-CC,Aggression-Hostility,,-,true_false,I almost never feel like I would like to hit someone.,320,0.2225,0.2225,0.278125,0.24375,0.006250000000000003,-0.006250000000000003,0.8699999999999999,0.87625,True,True,True,intermediate,177
ipip_041,IPIP-NEO-120,Neuroticism,N3 Depression,+,likert_5,Dislike myself,320,0.21765625000000002,0.20515625,0.7875,0.05625,-0.12265625,-0.11015625,2.0,1.509375,False,False,True,intermediate,178
sd3_008,SD3,Machiavellianism,,+,likert_5,"Make sure your plans benefit you, not others.",320,0.215625,0.215625,0.790625,0.159375,0.052187499999999984,0.052187499999999984,1.7099999999999997,1.91875,True,False,False,intermediate,179
zkpq_039,ZKPQ-50-CC,Neuroticism-Anxiety,,-,true_false,I don't let a lot of trivial things irritate me.,320,0.21312499999999995,0.21312499999999995,0.396875,0.203125,0.038125,-0.038125000000000006,0.8400000000000001,0.878125,False,False,False,intermediate,180
ipip_094,IPIP-NEO-120,Agreeableness,A1 Trust,-,likert_5,Distrust people,320,0.2109375,0.2109375,0.803125,0.190625,-0.027812499999999997,0.027812499999999983,2.25,2.1387500000000004,False,False,False,intermediate,181
ipip_089,IPIP-NEO-120,Agreeableness,A6 Sympathy,-,likert_5,Am indifferent to the feelings of others,320,0.209375,0.209375,0.671875,0.15625,0.1265625,-0.1265625,1.33,1.8362500000000002,False,False,True,intermediate,182
sd3_004,SD3,Machiavellianism,,+,likert_5,Avoid direct conflict with others because they may be useful in the future.,320,0.20859375,0.20859375,0.8375,0.2125,-0.12078124999999999,-0.12078124999999999,2.5799999999999996,2.096875,True,False,False,intermediate,183
zkpq_016,ZKPQ-50-CC,Aggression-Hostility,,+,true_false,When people disagree with me I cannot help getting into an argument with them.,320,0.20749999999999996,0.20749999999999996,0.240625,0.209375,0.20749999999999996,0.20749999999999996,0.0,0.20749999999999996,True,False,False,intermediate,184
ipip_020,IPIP-NEO-120,Conscientiousness,C4 Achievement-Striving,+,likert_5,Work hard,320,0.2053125,0.20593750000000002,0.75625,0.1125,-0.046562499999999986,-0.045312499999999985,4.345000000000001,4.1587499999999995,False,False,False,intermediate,185
ipip_028,IPIP-NEO-120,Openness,O6 Liberalism,+,likert_5,Tend to vote for liberal political candidates,320,0.20390625,0.20015625000000004,0.821875,0.109375,-0.03078125,-0.02703125,3.215,3.091875,False,False,False,intermediate,186
ipip_025,IPIP-NEO-120,Conscientiousness,C5 Self-Discipline,+,likert_5,Have excellent ideas,320,0.20218750000000005,0.20218750000000005,0.815625,0.115625,0.0065625000000000076,0.0065625000000000076,3.94,3.9662499999999996,False,False,False,intermediate,187
ipip_065,IPIP-NEO-120,Conscientiousness,C1 Self-Efficacy,+,likert_5,Handle tasks smoothly,320,0.20062499999999997,0.20062499999999997,0.7625,0.14375,-0.045625,-0.045625,4.220000000000001,4.0375,False,False,False,intermediate,188
epqr_001,EPQR-A,Psychoticism,,+,yes_no,Would you take drugs which may have strange or dangerous effects?,320,0.19874999999999998,0.19874999999999998,0.246875,0.1875,0.19874999999999998,0.19874999999999998,0.0,0.19874999999999998,True,True,False,intermediate,189
ipip_050,IPIP-NEO-120,Conscientiousness,C4 Achievement-Striving,+,likert_5,Do more than what's expected of me,320,0.19578124999999996,0.19578124999999996,0.7,0.15,-0.07578125,-0.07578125,4.44,4.136875000000001,False,False,False,intermediate,190
sd3_007,SD3,Machiavellianism,,+,likert_5,There are things you should hide from other people because they don't need to know.,320,0.19484375,0.19484375,0.64375,0.253125,-0.14328124999999997,-0.14328124999999997,4.11,3.5368749999999998,True,False,False,intermediate,191
sd3_021,SD3,Psychopathy,,+,likert_5,Payback needs to be quick and nasty.,320,0.19151041666666666,0.1875,0.559375,0.153125,0.07276041666666666,0.07734375,1.4333333333333331,1.7243749999999998,True,True,False,intermediate,192
ipip_095,IPIP-NEO-120,Conscientiousness,C1 Self-Efficacy,+,likert_5,Know how to get things done,320,0.18203125,0.18203125,0.73125,0.09375,-0.011406249999999984,-0.011406249999999984,4.37,4.324375000000001,False,False,False,intermediate,193
ipip_101,IPIP-NEO-120,Neuroticism,N3 Depression,+,likert_5,Feel desperate,320,0.17921875000000004,0.17921875000000004,0.73125,0.05,-0.036093749999999994,-0.036093749999999994,1.6799999999999997,1.535625,False,False,True,intermediate,194
sd3_025,SD3,Psychopathy,,-,likert_5,I have never gotten into trouble with the law.,320,0.176875,0.176875,0.56875,0.08125,-0.0721875,0.0721875,4.67,4.38125,True,True,False,intermediate,195
ipip_080,IPIP-NEO-120,Conscientiousness,C4 Achievement-Striving,+,likert_5,Set high standards for myself,320,0.17359375,0.17359375,0.746875,0.065625,-0.029218749999999998,-0.029218749999999998,4.459999999999999,4.343125000000001,False,False,True,intermediate,196
ipip_026,IPIP-NEO-120,Neuroticism,N6 Vulnerability,+,likert_5,Panic easily,320,0.17171875,0.17171875,0.70625,0.0625,-0.012031249999999999,-0.012031249999999999,1.65,1.6018749999999997,False,False,False,intermediate,197
ipip_006,IPIP-NEO-120,Neuroticism,N2 Anger,+,likert_5,Get angry easily,320,0.16218749999999998,0.16218749999999998,0.79375,0.059375,0.06031249999999999,0.06031249999999999,1.55,1.7912500000000002,False,False,False,intermediate,198
sd3_005,SD3,Machiavellianism,,+,likert_5,It's wise to keep track of information that you can use against people later.,320,0.1603125,0.1603125,0.553125,0.109375,0.1278125,0.1278125,1.1300000000000001,1.64125,True,False,False,locked,199
ipip_109,IPIP-NEO-120,Agreeableness,A4 Cooperation,-,likert_5,Hold a grudge,320,0.1565625,0.1565625,0.759375,0.0625,0.1065625,-0.1065625,1.34,1.76625,False,False,False,locked,200
zkpq_034,ZKPQ-50-CC,Neuroticism-Anxiety,,+,true_false,I am easily frightened.,320,0.14875000000000002,0.14875000000000002,0.2375,0.15625,0.05875000000000001,0.05875000000000001,0.05,0.10874999999999999,False,False,False,locked,201
ipip_009,IPIP-NEO-120,Agreeableness,A2 Morality,-,likert_5,Use others for my own ends,320,0.14609375,0.14609375,0.453125,0.103125,0.12453124999999998,-0.12453125000000002,1.09,1.588125,False,False,False,locked,202
ipip_015,IPIP-NEO-120,Conscientiousness,C3 Dutifulness,+,likert_5,Keep my promises,320,0.139375,0.139375,0.634375,0.025,-0.010937499999999992,-0.010937499999999992,4.609999999999999,4.56625,False,False,False,locked,203
ipip_005,IPIP-NEO-120,Conscientiousness,C1 Self-Efficacy,+,likert_5,Complete tasks successfully,320,0.13703125,0.13703125,0.628125,0.021875,-0.03453125000000002,-0.03453125000000002,4.58,4.4418750000000005,False,False,False,locked,204
sd3_002,SD3,Machiavellianism,,+,likert_5,I like to use clever manipulation to get my way.,320,0.13640625,0.13640625,0.425,0.109375,0.12078125000000002,0.12078125000000002,1.09,1.5731249999999999,True,True,False,locked,205
ipip_035,IPIP-NEO-120,Conscientiousness,C1 Self-Efficacy,+,likert_5,Excel in what I do,320,0.135,0.135,0.653125,0.003125,0.0365625,0.0365625,4.33,4.47625,False,False,False,locked,206
zkpq_017,ZKPQ-50-CC,Aggression-Hostility,,+,true_false,I have a very strong temper.,320,0.1325,0.1325,0.221875,0.1125,0.08375,0.08375,0.030000000000000006,0.11374999999999999,True,False,False,locked,207
sd3_027,SD3,Psychopathy,,+,likert_5,I'll say anything to get what I want.,320,0.13046875,0.13046875,0.471875,0.0875,0.08765624999999999,0.08765624999999999,1.17,1.5206250000000001,True,False,False,locked,208
ipip_039,IPIP-NEO-120,Agreeableness,A2 Morality,-,likert_5,Cheat to get ahead,320,0.11171875,0.11171875,0.340625,0.08125,0.024218750000000004,-0.024218749999999994,1.2,1.296875,False,True,True,locked,209
sd3_019,SD3,Psychopathy,,+,likert_5,I like to get revenge on authorities.,320,0.1084375,0.1084375,0.475,0.0125,0.032187499999999994,0.032187499999999994,1.22,1.3487500000000001,True,True,False,locked,210
ipip_049,IPIP-NEO-120,Agreeableness,A4 Cooperation,-,likert_5,Yell at people,320,0.10203125000000002,0.10203124999999999,0.421875,0.046875,0.08859375,-0.08859375,1.06,1.414375,False,False,False,locked,211
sd3_006,SD3,Machiavellianism,,+,likert_5,You should wait for the right time to get back at people.,320,0.09390625,0.09390625,0.465625,0.015625,0.030781249999999993,0.030781249999999993,1.25,1.373125,True,False,False,locked,212
ipip_099,IPIP-NEO-120,Agreeableness,A2 Morality,-,likert_5,Take advantage of others,320,0.09234375,0.09234374999999999,0.33125,0.065625,0.01703125,-0.017031249999999998,1.1600000000000001,1.228125,False,False,False,locked,213
ipip_069,IPIP-NEO-120,Agreeableness,A2 Morality,-,likert_5,Obstruct others' plans,320,0.0846875,0.0846875,0.4,0.0125,0.031249999999999993,-0.03125,1.15,1.275,False,False,False,locked,214
ipip_079,IPIP-NEO-120,Agreeableness,A4 Cooperation,-,likert_5,Insult people,320,0.07421875,0.07421875,0.321875,0.01875,0.07203125,-0.07203125,1.01,1.298125,False,False,False,locked,215
epqr_006,EPQR-A,Psychoticism,,+,yes_no,Do you think marriage is old-fashioned and should be done away with?,320,0.064375,0.064375,0.09375,0.0625,0.064375,0.064375,0.0,0.064375,True,False,False,locked,216
epqr_017,EPQR-A,Neuroticism,,+,yes_no,Would you call yourself tense or 'highly-strung'?,320,0.06000000000000001,0.06000000000000001,0.090625,0.05625,0.06000000000000001,0.06000000000000001,0.0,0.06000000000000001,False,False,False,locked,217
ipip_045,IPIP-NEO-120,Conscientiousness,C3 Dutifulness,+,likert_5,Tell the truth,320,0.05765625,0.05765625,0.3375,0.003125,-0.04421875,-0.04421875,4.96,4.783125,False,False,False,locked,218
epqr_004,EPQR-A,Psychoticism,,+,yes_no,Do you enjoy practical jokes that can sometimes really hurt people?,320,0.034375,0.034375,0.046875,0.034375,0.034375,0.034375,0.0,0.034375,True,True,False,locked,219
epqr_024,EPQR-A,Lie,,+,yes_no,Are all your habits good and desirable ones?,320,0.010624999999999999,0.010624999999999999,0.025,0.009375,0.010624999999999999,0.010624999999999999,0.0,0.010624999999999999,False,False,False,locked,220
epqr_003,EPQR-A,Psychoticism,,+,yes_no,Do you enjoy hurting people you love?,320,0.0,0.0,0.0,0.0,0.0,0.0,0.0,0.0,True,True,False,locked,221
