subset,model,actual_persona,predicted_z_euclidean,distance_z_euclidean,margin_z_euclidean,correct_z_euclidean,predicted_cosine,distance_cosine,margin_cosine,correct_cosine,predicted_mahalanobis,distance_mahalanobis,margin_mahalanobis,correct_mahalanobis
all,Claude-Opus-4.6,ISTJ,ISTJ,0.3825754905585311,0.31443654518334113,True,ISTJ,0.08470586960176885,0.2232188210055822,True,ISTJ,0.7481363776562888,0.24978768959252928,True
all,Claude-Opus-4.6,ISFJ,INFJ,0.6062374633298964,0.010161341734236662,False,INFJ,0.15741688471445936,0.005341435499266911,False,ISFJ,0.9948501961963114,0.06219692341468952,True
all,Claude-Opus-4.6,INFJ,INFJ,0.33311604970205394,0.3419123562214987,True,INFJ,0.049054555882204864,0.1425056772329235,True,INFJ,0.7550663904553238,0.203017129419245,True
all,Claude-Opus-4.6,INTJ,INTJ,0.41025149164906405,0.3588362352428388,True,INTJ,0.1284207801256867,0.28829569917091624,True,INTJ,0.9477362465007577,0.08337631262370482,True
all,Claude-Opus-4.6,ISTP,ISTP,0.3125809686249777,0.38996012007275555,True,ISTP,0.06579084723197692,0.26701412914058553,True,ISTP,0.5199135825134694,0.27273187360853945,True
all,Claude-Opus-4.6,ISFP,ISFP,0.4390603481980526,0.047712172386943974,True,ISFP,0.08728516833148359,0.011101390299441127,True,ISFP,0.616024006249478,0.14062117086800352,True
all,Claude-Opus-4.6,INFP,INFP,0.374758159687267,0.33813818039695687,True,INFP,0.041700820813455386,0.11970624586425382,True,INFP,0.5225506573649173,0.3356255482819782,True
all,Claude-Opus-4.6,INTP,INTP,0.46447043697823526,0.30249181585025137,True,INTP,0.11654644331556407,0.23982779338114069,True,INTP,0.5563324019379076,0.2978752279829482,True
all,Claude-Opus-4.6,ESTP,ESTP,0.3044851922755665,0.22990016524846857,True,ESTP,0.024515506804808518,0.05750874740408074,True,ESTP,0.588740048166947,0.15941685114726167,True
all,Claude-Opus-4.6,ESFP,ESFP,0.4110948329646494,0.25317269493616773,True,ESFP,0.10012351878791381,0.06056130255507741,True,ESFP,0.5741112956475725,0.14440304724877395,True
all,Claude-Opus-4.6,ENFP,ENFP,0.41798578005015646,0.3711852523623021,True,ENFP,0.07254907701909974,0.21524237232963117,True,ENFP,0.645231571635494,0.16939641639957181,True
all,Claude-Opus-4.6,ENTP,ENTP,0.3364874446317658,0.2520533087891412,True,ENTP,0.038600173782412095,0.07629516982517814,True,ENTP,0.6902391928654754,0.19797412004475978,True
all,Claude-Opus-4.6,ESTJ,ESTJ,0.48875868397928707,0.14209139346370364,True,ESTJ,0.1131770431186172,0.08307600447530328,True,ESTJ,0.8250544346448604,0.26114736236554437,True
all,Claude-Opus-4.6,ESFJ,ESFJ,0.4378892926120832,0.20832122375020812,True,ESFJ,0.147815823383457,0.18175929139148017,True,ESFJ,0.6210594312867501,0.3358825003397682,True
all,Claude-Opus-4.6,ENFJ,ENFJ,0.4694097247405971,0.28623450911960574,True,ENFJ,0.17450035469597647,0.15237206637119005,True,ENFJ,0.7185622926914619,0.13064176746701406,True
all,Claude-Opus-4.6,ENTJ,ENTJ,0.4135495817802989,0.37081917593870484,True,ENTJ,0.08950703543307525,0.19371856321670022,True,ENTJ,0.6399647361760997,0.12294169873028937,True
all,Claude-Sonnet-4.6,ISTJ,ISTJ,0.18701296078333865,0.5486324179805956,True,ISTJ,0.01952898280518134,0.2979182077069229,True,ISTJ,0.35578713397936523,0.39425590556594503,True
all,Claude-Sonnet-4.6,ISFJ,ISFJ,0.2637271092063266,0.4727334316857428,True,ISFJ,0.03793248155671802,0.25760479305438533,True,ISFJ,0.5379016039760118,0.33866916363216415,True
all,Claude-Sonnet-4.6,INFJ,INFJ,0.2671976559718448,0.34072563525092986,True,INFJ,0.04046713850386163,0.19288370790939624,True,INFJ,0.46506732042728455,0.32098028659393835,True
all,Claude-Sonnet-4.6,INTJ,INTJ,0.3742952457457357,0.2753541082674156,True,INTJ,0.10835274609319534,0.161137818222173,True,INTJ,0.5239839580600596,0.20839354373493924,True
all,Claude-Sonnet-4.6,ISTP,ISTP,0.31010477886423354,0.2369126718363413,True,ISTP,0.07944587797131841,0.1356008460403031,True,ISTP,0.4669259904780545,0.3033671680649721,True
all,Claude-Sonnet-4.6,ISFP,ISFP,0.24946031194959964,0.3518044484171914,True,ISFP,0.039377050174669526,0.1117613102609265,True,ISFP,0.483440211797395,0.2446612292209404,True
all,Claude-Sonnet-4.6,INFP,INFP,0.17212313247625738,0.32626822167405073,True,INFP,0.01102150261731949,0.07664403262028407,True,INFP,0.3895676549096212,0.28847263077688445,True
all,Claude-Sonnet-4.6,INTP,INTP,0.22757104402198294,0.40217546472829957,True,INTP,0.034837806447875486,0.261624066659194,True,INTP,0.4784995363981609,0.470369320084847,True
all,Claude-Sonnet-4.6,ESTP,ESTP,0.33155137111946403,0.2389971900765135,True,ESTP,0.030963101515788405,0.06613686270304331,True,ESTP,0.679515957421457,0.20746888240129646,True
all,Claude-Sonnet-4.6,ESFP,ESFP,0.29562584186359675,0.2497345190368785,True,ESFP,0.042027011669876546,0.10559940388379074,True,ESFP,0.5196306029221938,0.1768889706277299,True
all,Claude-Sonnet-4.6,ENFP,ENFP,0.22817687172430332,0.4343882440389315,True,ENFP,0.02125317660863213,0.1868481353275403,True,ENFP,0.4062737174311471,0.24909032472482845,True
all,Claude-Sonnet-4.6,ENTP,ENTP,0.3535298458202965,0.25570921008440756,True,ENTP,0.037285113566961736,0.0923645428199602,True,ENTP,0.596042601635228,0.09790514561968577,True
all,Claude-Sonnet-4.6,ESTJ,ESTJ,0.23871640732624833,0.3497690042159489,True,ESTJ,0.02491153290195447,0.17975383121568367,True,ESTJ,0.4732938021730738,0.2034256239687463,True
all,Claude-Sonnet-4.6,ESFJ,ESFJ,0.21186240713407414,0.3272492001497541,True,ESFJ,0.03305945297138868,0.18216232271790933,True,ESFJ,0.45210835460223375,0.27303798130231327,True
all,Claude-Sonnet-4.6,ENFJ,ENFJ,0.43198209999864307,0.26561292498524697,True,ENFJ,0.14781972063452986,0.12846380371139,True,ENFJ,0.66590802431588,0.023160398575878927,True
all,Claude-Sonnet-4.6,ENTJ,ENTJ,0.35696265103572866,0.30433149641231283,True,ENTJ,0.06363348005692104,0.18664098146551766,True,ENTJ,0.5266532039622158,0.25519278507305887,True
all,DeepSeek-V3.2,ISTJ,ISTJ,0.3334474860206358,0.33549450897962474,True,ISTJ,0.06313260701872336,0.22146927802033434,True,ISTJ,0.5730707690861635,0.22081113085642678,True
all,DeepSeek-V3.2,ISFJ,ISFJ,0.38895028948391447,0.21537764146964217,True,ISFJ,0.09549417592973986,0.13003650191363536,True,ISFJ,0.6418184590374929,0.1992758822117744,True
all,DeepSeek-V3.2,INFJ,INFJ,0.694466367761548,0.16163243951165174,True,INFJ,0.311153477854639,0.1075463754567676,True,INFP,1.060366792988923,0.0002884664111755253,False
all,DeepSeek-V3.2,INTJ,INTJ,0.4482506882859291,0.40912012757705213,True,INTJ,0.14009195166629174,0.35282276028281667,True,INTJ,0.6796579831020535,0.30190413804795446,True
all,DeepSeek-V3.2,ISTP,ISTP,0.2766634674668072,0.35029367840297715,True,ISTP,0.06816885871128398,0.23188270480851902,True,ISTP,0.515591842889817,0.17445286982814512,True
all,DeepSeek-V3.2,ISFP,ISFP,0.45599673858284,0.3186454673250341,True,ISFP,0.13478243009222435,0.13595037667998788,True,ISFP,0.9399147348470919,0.18138680497304815,True
all,DeepSeek-V3.2,INFP,INFP,0.6008840085957148,0.17150503480139923,True,INFP,0.14666992624645414,0.14417965227947593,True,INFP,0.7313816444054995,0.24927354546412073,True
all,DeepSeek-V3.2,INTP,INTP,0.3673102105360793,0.21697784520418567,True,INTP,0.09301124622640522,0.17233610043941328,True,INTP,0.6839506923643137,0.12832016020516457,True
all,DeepSeek-V3.2,ESTP,ESTP,0.4246885308012294,0.21348428529479563,True,ESTP,0.051696228429379154,0.06923357312747025,True,ESTP,0.8422041259944026,0.15733362736481604,True
all,DeepSeek-V3.2,ESFP,ESFP,0.5905026101272278,0.0385531597062615,True,ENTP,0.14599524261073582,0.040503392326222465,False,ENTP,0.7348619420511264,0.0642863922018505,False
all,DeepSeek-V3.2,ENFP,ENFP,0.8117953751358075,0.203612733075495,True,ENFP,0.21227259742664661,0.10836665187737293,True,INFP,0.9472598485181236,0.07957964293924236,False
all,DeepSeek-V3.2,ENTP,ENTP,0.4240200283611683,0.3227773709578015,True,ENTP,0.03603370301245201,0.108884519965461,True,ENTP,0.7516383259999169,0.24869056677182777,True
all,DeepSeek-V3.2,ESTJ,ENTJ,0.5094104532288917,0.019204069773758325,False,ENTJ,0.11791777559592942,0.008471239185555812,False,ESTJ,0.6714043013209504,0.15902565566968185,True
all,DeepSeek-V3.2,ESFJ,ESFJ,0.597772580755497,0.15259824679043044,True,ESFJ,0.2868351652801777,0.1853382420200187,True,ESFJ,0.8300177852533672,0.10449254392894869,True
all,DeepSeek-V3.2,ENFJ,ENFJ,0.6393803583896247,0.162757457058071,True,ENFJ,0.28381004868234094,0.06745989412597608,True,ENFJ,0.9918109552870925,0.0841575092310366,True
all,DeepSeek-V3.2,ENTJ,ENTJ,0.44574383915433663,0.44753864008727734,True,ENTJ,0.07911953607147748,0.2000014120772463,True,ENTJ,0.5958841926747521,0.28836784946318095,True
all,DeepSeek-V4-Flash,ISTJ,ISTJ,0.2053134100602577,0.5032027770620952,True,ISTJ,0.023535117185967125,0.30866627312879047,True,ISTJ,0.4802476194008029,0.3392852985832769,True
all,DeepSeek-V4-Flash,ISFJ,ISFJ,0.45824766469281564,0.30514779199049813,True,ISFJ,0.1296570016207199,0.21457294885458056,True,ISFJ,0.755607343710837,0.09312524499822983,True
all,DeepSeek-V4-Flash,INFJ,INFJ,0.27888445269862233,0.3581823784260489,True,INFJ,0.040554059215500704,0.1332392779629229,True,INFJ,0.5927492399237897,0.18698107857929336,True
all,DeepSeek-V4-Flash,INTJ,INTJ,0.33410394216410255,0.49588016920430067,True,INTJ,0.05045612402371957,0.3733103708581219,True,INTJ,0.46251542188420586,0.3379123377765813,True
all,DeepSeek-V4-Flash,ISTP,ISTP,0.30389013374042084,0.3992101157743244,True,ISTP,0.07758007040218384,0.2852104282263267,True,ISTP,0.5222938405159001,0.1819237519369037,True
all,DeepSeek-V4-Flash,ISFP,ISFP,0.4709955615574832,0.2090004118642586,True,ISFP,0.14655051461554403,0.03872635121862855,True,ISFP,0.7648524777143316,0.11919220188154134,True
all,DeepSeek-V4-Flash,INFP,INFP,0.39473342977533876,0.20341922455375328,True,INFP,0.06272878052149267,0.12562376737581005,True,INFP,0.9132152599629011,0.07248027319207373,True
all,DeepSeek-V4-Flash,INTP,INTP,0.3727624900666791,0.1818631952878363,True,INTP,0.09061769658140284,0.12605630322556716,True,INTP,0.6734656329552885,0.24121222107148355,True
all,DeepSeek-V4-Flash,ESTP,ESTP,0.5713965178302326,0.22695651003766104,True,ESTP,0.051911936067793096,0.0776553597351084,True,ESTP,0.7315620906678286,0.2629039622111199,True
all,DeepSeek-V4-Flash,ESFP,ESFP,0.4592179765496717,0.12663965198938804,True,ESFP,0.09655250206121668,0.029170934067705767,True,ESFP,0.46939498217364295,0.1610394677270237,True
all,DeepSeek-V4-Flash,ENFP,ENFP,0.3692470762203058,0.4123026731511847,True,ENFP,0.04680890011264627,0.2097956917580771,True,ENFP,0.6216061131035352,0.1625922790647828,True
all,DeepSeek-V4-Flash,ENTP,ENTP,0.2697876428754991,0.3764262449282472,True,ENTP,0.021190195994464145,0.10921630887010325,True,ENTP,0.6377729365951196,0.3084978528009227,True
all,DeepSeek-V4-Flash,ESTJ,ESTJ,0.3265738282894013,0.25390203087917307,True,ESTJ,0.04155081677722339,0.1047267409029714,True,ESTJ,0.6231184489061358,0.1829351136235956,True
all,DeepSeek-V4-Flash,ESFJ,ESFJ,0.29480965283018357,0.3487892484591677,True,ESFJ,0.05666960407132249,0.22884552674934555,True,ESFJ,0.6990160472689393,0.2526148602992947,True
all,DeepSeek-V4-Flash,ENFJ,ENFJ,0.35497208836381805,0.3044461113217602,True,ENFJ,0.07712427966233126,0.20650278219473617,True,ENFJ,0.6467454539018792,0.21484294903380807,True
all,DeepSeek-V4-Flash,ENTJ,ENTJ,0.30887902137848655,0.37838696639697667,True,ENTJ,0.02319907200653537,0.17396728092972558,True,ENTJ,0.44992444111722,0.3320319768263403,True
all,DeepSeek-V4-Pro,ISTJ,ISTJ,0.1852815858998655,0.5404776061730328,True,ISTJ,0.01885407912621584,0.32648094689551943,True,ISTJ,0.414816595564185,0.33928268552256297,True
all,DeepSeek-V4-Pro,ISFJ,ISFJ,0.3692643624425645,0.32495406905982743,True,ISFJ,0.08028380737852303,0.23171196499275326,True,ISFJ,0.6692435493964957,0.2650369300857044,True
all,DeepSeek-V4-Pro,INFJ,INFJ,0.3183796143483388,0.3500050737081449,True,INFJ,0.05899527787603809,0.221742307419876,True,INFJ,0.6049730698867155,0.42591748927219886,True
all,DeepSeek-V4-Pro,INTJ,INTJ,0.42336892301262896,0.46907810989670806,True,INTJ,0.07066688930278942,0.3719074191408549,True,INTJ,0.73474886925331,0.31620645333993314,True
all,DeepSeek-V4-Pro,ISTP,ISTP,0.24290543992353764,0.40871734843440355,True,ISTP,0.05185131334605009,0.26709897633762103,True,ISTP,0.6236749286995316,0.2544772958234818,True
all,DeepSeek-V4-Pro,ISFP,ISFP,0.31707558417545195,0.21871806115163056,True,ISFP,0.0630864677204448,0.049459597096882635,True,ISFP,0.889511797749884,0.03443229959309446,True
all,DeepSeek-V4-Pro,INFP,INFP,0.3489455895506444,0.0687690812291245,True,INFP,0.034691049207382085,0.07219495435938295,True,INFP,0.4989067638826487,0.0927022745291945,True
all,DeepSeek-V4-Pro,INTP,INTP,0.3359827538023454,0.1699327804567971,True,INTP,0.07758912732863732,0.12754434689757077,True,INTP,0.5904471994033961,0.27693432762945236,True
all,DeepSeek-V4-Pro,ESTP,ESTP,0.3612823798103568,0.29252994974727986,True,ESTP,0.03919856429291879,0.11563647854703263,True,ESTP,0.641834156805446,0.2037239612855386,True
all,DeepSeek-V4-Pro,ESFP,ESFP,0.43961475465813077,0.2684209562071162,True,ESFP,0.13007853910523237,0.15121302444459084,True,ESFP,0.9582858467058077,0.09480287626956718,True
all,DeepSeek-V4-Pro,ENFP,ENFP,0.3690671786684245,0.3869365152314939,True,ENFP,0.06718457804978939,0.2470589300309145,True,ENFP,0.811870973116547,0.029663818208504722,True
all,DeepSeek-V4-Pro,ENTP,ENTP,0.4729686993998673,0.2110392466072154,True,ENTP,0.07677307624737928,0.08613435132916414,True,ENTP,0.882581204698133,0.1507027610943532,True
all,DeepSeek-V4-Pro,ESTJ,ESTJ,0.3179791866434962,0.2986568613613688,True,ESTJ,0.05143367998501314,0.15494159053346668,True,ESTJ,0.7095844705240681,0.14841045082917137,True
all,DeepSeek-V4-Pro,ESFJ,ESFJ,0.3517969707765234,0.29904054974533256,True,ESFJ,0.091091368143148,0.22415701983593805,True,ESFJ,0.5975982992347846,0.33454552169861185,True
all,DeepSeek-V4-Pro,ENFJ,ENFJ,0.4444591268505976,0.2305175960655173,True,ENFJ,0.15852417080645465,0.20825449257093454,True,ENFJ,0.7912716838168106,0.09952186615035463,True
all,DeepSeek-V4-Pro,ENTJ,ENTJ,0.31147196529194787,0.39051515900417266,True,ENTJ,0.0437374616690378,0.19198536614223394,True,ENTJ,0.5129578382689547,0.25637778925789356,True
all,GLM-4.6V,ISTJ,ISTJ,0.31272499743587806,0.44326820393185445,True,ISTJ,0.04250450451196475,0.24222905233573022,True,ISTJ,0.7481292200803672,0.12201237457952052,True
all,GLM-4.6V,ISFJ,ISFJ,0.2429195907653579,0.47678021334063775,True,ISFJ,0.032736929641157486,0.25692795625125675,True,ISFJ,0.5104756356878192,0.3497709626202419,True
all,GLM-4.6V,INFJ,INFJ,0.32252512761148816,0.4183279954856994,True,INFJ,0.05920801543062515,0.20777954573813195,True,INFJ,0.762348049003277,0.2862727879366196,True
all,GLM-4.6V,INTJ,INTJ,0.3359711858969305,0.4730429237214288,True,INTJ,0.06876444197300058,0.3853854310792495,True,INTJ,0.6174873740164707,0.31674526528848745,True
all,GLM-4.6V,ISTP,ISTP,0.26937343729289215,0.39727283582717104,True,ISTP,0.05656330978621338,0.27868348757075845,True,ISTP,0.4363357346174921,0.39043317144668366,True
all,GLM-4.6V,ISFP,ISFP,0.2624023233016003,0.24869997766922036,True,ISFP,0.036304638703962056,0.07378694786520512,True,ISFP,0.5120639014467162,0.22076677576974124,True
all,GLM-4.6V,INFP,INFP,0.31401751399964845,0.23436388176248296,True,INFP,0.03570025359372553,0.07242134012140333,True,INFP,0.4734369262337162,0.060788498095471544,True
all,GLM-4.6V,INTP,INTP,0.29348248008040734,0.3122426436325082,True,INTP,0.056548737136412064,0.20715214487977784,True,INTP,0.7341504054436846,0.2250345789923901,True
all,GLM-4.6V,ESTP,ESTP,0.27179557176043073,0.3772368390018555,True,ESTP,0.024232992784884222,0.12119362730138672,True,ESTP,0.6066619131065566,0.3557241898011655,True
all,GLM-4.6V,ESFP,ESFP,0.2260493044798139,0.355536404928408,True,ESFP,0.03180331493461219,0.14647605212774595,True,ESFP,0.4049493339102444,0.21481983136369404,True
all,GLM-4.6V,ENFP,ENFP,0.29130299524549796,0.3214165595598193,True,ENFP,0.04152084508734277,0.16053537716564137,True,ENFP,0.552962081784824,0.19948992970451873,True
all,GLM-4.6V,ENTP,ENTP,0.3337116017446693,0.30054333884308115,True,ENTP,0.02794056708897974,0.08969876065681104,True,ENTP,0.6271131794896267,0.18280279843524583,True
all,GLM-4.6V,ESTJ,ESTJ,0.33346040649804937,0.40426843439558563,True,ESTJ,0.03462853814507871,0.19015273406023325,True,ESTJ,0.6628459883979543,0.3559369892963089,True
all,GLM-4.6V,ESFJ,ESFJ,0.31713037953974155,0.3623694469260119,True,ESFJ,0.05093493917096559,0.2311501582459876,True,ESFJ,0.722747244959654,0.2192903506553262,True
all,GLM-4.6V,ENFJ,ENFJ,0.34496412443190133,0.2917254770328684,True,ENFJ,0.05536296589828371,0.17996724327077407,True,ENFJ,0.6850288847487901,0.13113363946158374,True
all,GLM-4.6V,ENTJ,ENTJ,0.322782113413597,0.3131254332353242,True,ENTJ,0.059788502910495755,0.15932932524047672,True,ENTJ,0.569866985406556,0.17643638059086209,True
all,GPT 5.2,ISTJ,ISTJ,0.25821218623991016,0.42936598399989057,True,ISTJ,0.03570678744826672,0.26108504802908217,True,ISTJ,0.5751475622960784,0.16247727123751388,True
all,GPT 5.2,ISFJ,ISFJ,0.4273510338074604,0.1814561687324664,True,ISFJ,0.10489384678928637,0.10547654286946118,True,ISFJ,0.7880352786227582,0.27235775694739894,True
all,GPT 5.2,INFJ,INFJ,0.2892388311185026,0.3688028352466542,True,INFJ,0.03514681787901808,0.15989279101184417,True,INFJ,0.5695232849069153,0.3546791106488256,True
all,GPT 5.2,INTJ,INTJ,0.38835945232558183,0.2860570860220308,True,INTJ,0.11344471650135968,0.18016628052155736,True,INTJ,0.539559796292839,0.24341898796549266,True
all,GPT 5.2,ISTP,ISTP,0.33194112402077003,0.331745121682155,True,ISTP,0.09880759916613491,0.2355680933978178,True,ISTP,0.6696548936120627,0.11693120700775561,True
all,GPT 5.2,ISFP,ISFP,0.37970136997537796,0.08684703691924722,True,INFP,0.07692705090481422,0.014649890713573921,False,ISFP,0.6743709764547917,0.1938483824550994,True
all,GPT 5.2,INFP,INFP,0.22010371658449587,0.26959180416241424,True,INFP,0.01876811957354907,0.06986644585677682,True,INFP,0.5260097620955578,0.08811944806273764,True
all,GPT 5.2,INTP,INTP,0.2919110045318964,0.3435898409941179,True,INTP,0.05835495445634675,0.2785908725921715,True,INTP,0.5988911445562121,0.24282879674887414,True
all,GPT 5.2,ESTP,ESTP,0.35394845564398747,0.26527065642932635,True,ESTP,0.03991417731217639,0.09633521614442564,True,ESTP,0.7296341550055777,0.10774595261337183,True
all,GPT 5.2,ESFP,ESFP,0.35833700418857317,0.19552287342967412,True,ESFP,0.08221837793668174,0.07897236697872889,True,ESFP,0.6882456694446857,0.05954438456864253,True
all,GPT 5.2,ENFP,ENFP,0.3155644320145482,0.4239376198067766,True,ENFP,0.04492323151814481,0.22761233403540415,True,ENFP,0.5312618782959152,0.2164579900634478,True
all,GPT 5.2,ENTP,ENTP,0.41607924828461085,0.1966617719599264,True,ENTP,0.04411684037361274,0.11762873734377577,True,ENTP,0.5280571353921211,0.11421060693307894,True
all,GPT 5.2,ESTJ,ESTJ,0.3389162145915651,0.36404504134030763,True,ESTJ,0.059615308544850865,0.21952703071502788,True,ESTJ,0.5943335803217747,0.05333469663912205,True
all,GPT 5.2,ESFJ,ESFJ,0.3801103977399627,0.20259668618440385,True,ESFJ,0.10070466972005088,0.1397225446652678,True,ESFJ,0.7496661615960801,0.19104895909627662,True
all,GPT 5.2,ENFJ,ENFJ,0.3746151528772892,0.3237673263393849,True,ENFJ,0.09870200752932612,0.2431180350828973,True,ENFJ,0.5888538946310536,0.17884704000434715,True
all,GPT 5.2,ENTJ,ENTJ,0.432412198257512,0.2360415289418124,True,ENTJ,0.10949563384269245,0.14694054917028854,True,ENTJ,0.5814958480680182,0.24571818137489754,True
all,GPT-5.5,ISTJ,ISTJ,0.38966048735115916,0.28102165980357247,True,ISTJ,0.08439252154615784,0.2132057698027694,True,ISTJ,0.634010774546716,0.2342685486878635,True
all,GPT-5.5,ISFJ,ISFJ,0.36588950587321445,0.11595168984105719,True,ISFJ,0.07278417897345901,0.053750384511335625,True,ISFJ,0.6673516254237684,0.06752740435730642,True
all,GPT-5.5,INFJ,INFJ,0.3570561832307078,0.24171923758769115,True,INFJ,0.054453708964820824,0.09265425605728295,True,INFJ,0.6316371752131581,0.2593248268273749,True
all,GPT-5.5,INTJ,INTJ,0.4432723611270733,0.21923402546899412,True,INTJ,0.15544734194312715,0.19975160230022493,True,INTJ,0.7491890555962245,0.19850045846707132,True
all,GPT-5.5,ISTP,ISTP,0.32228871018564736,0.3392488965226835,True,ISTP,0.0841789062138808,0.22923321273809316,True,ISTP,0.5772628332411454,0.29638166232714314,True
all,GPT-5.5,ISFP,ISFP,0.27741667470997416,0.09276825875813699,True,ISFP,0.03927687796103907,0.012839434161941554,True,ISFP,0.5189789221351464,0.052897746490651376,True
all,GPT-5.5,INFP,INFP,0.33335645230552324,0.21938183750070184,True,INFP,0.04323088217654236,0.07744626910148777,True,INFP,0.5422542378494526,0.07611210401118917,True
all,GPT-5.5,INTP,INTP,0.2922317942032908,0.3660780148116014,True,INTP,0.05817817866664987,0.2742314081812741,True,INTP,0.5515782157143547,0.2918575985179742,True
all,GPT-5.5,ESTP,ESTP,0.25155896634875435,0.3145789686178741,True,ESTP,0.020633835796653566,0.08857738497835765,True,ESTP,0.5330188548555803,0.23409296837692617,True
all,GPT-5.5,ESFP,ESFP,0.31048530627483295,0.28945764923570916,True,ESFP,0.06244839983254258,0.12862512154704753,True,ESFP,0.6069537052348747,0.1294683881099461,True
all,GPT-5.5,ENFP,ENFP,0.2769491318877721,0.2916050584617241,True,ENFP,0.03678251114090103,0.13097059959966806,True,ENFP,0.657539184641491,0.019088275134208077,True
all,GPT-5.5,ENTP,ENTP,0.4612350398412901,0.1883046340552682,True,ENTP,0.06781893670139039,0.07827141450061836,True,ENTP,0.7085534155138811,0.13161567349045256,True
all,GPT-5.5,ESTJ,ESTJ,0.2799338663798398,0.31556833513768706,True,ESTJ,0.04056533536115736,0.1574599460738132,True,ESTJ,0.4939152125131605,0.28712267519793955,True
all,GPT-5.5,ESFJ,ESFJ,0.407296659317275,0.16456361231309524,True,ESFJ,0.12413539595492074,0.12699098776204076,True,ESFJ,0.6870156072855951,0.2244527903901734,True
all,GPT-5.5,ENFJ,ENFJ,0.35298030281369575,0.40727280247861997,True,ENFJ,0.08306967677776367,0.2276635279384921,True,ENFJ,0.5265661898677132,0.17303506383967038,True
all,GPT-5.5,ENTJ,ENTJ,0.43510911469633523,0.31824771252980816,True,ENTJ,0.11263096549677387,0.20773012585326023,True,ENTJ,0.7145405072796771,0.2687068202750722,True
all,Gemini 3-Pro-Preview,ISTJ,ISTJ,0.2974048513686705,0.6121611831784965,True,ISTJ,0.030377071018697355,0.36392505108762074,True,ISTJ,0.6100746365668452,0.35159852283971793,True
all,Gemini 3-Pro-Preview,ISFJ,ISFJ,0.3643582243189517,0.391751019420415,True,ISFJ,0.046173671280941075,0.21736009839791592,True,ISFJ,0.667754294812444,0.054057134400267715,True
all,Gemini 3-Pro-Preview,INFJ,INFJ,0.398822783118345,0.2826661959437599,True,INFJ,0.063517738712904,0.151201838588926,True,INFJ,0.9208819683285496,0.2430026998411694,True
all,Gemini 3-Pro-Preview,INTJ,INTJ,0.27955382603788326,0.49108993227975395,True,INTJ,0.047317859995814726,0.36249942284961645,True,INTJ,0.564658095419137,0.22597150504712804,True
all,Gemini 3-Pro-Preview,ISTP,ISTP,0.39969023618263677,0.21581138109002584,True,ISTP,0.08083894362742206,0.14286146792073995,True,ISTP,0.6497571732708868,0.30973462099233473,True
all,Gemini 3-Pro-Preview,ISFP,ISFP,0.43015936454530596,0.131048027658843,True,ISFP,0.04666081382526466,0.0719709680051861,True,ISFP,0.6596117806780666,0.10260175163515484,True
all,Gemini 3-Pro-Preview,INFP,INFP,0.34785604022300776,0.30352616476161753,True,INFP,0.024321444825309402,0.06874808067053584,True,INFP,0.6299769056498954,0.3071420120238175,True
all,Gemini 3-Pro-Preview,INTP,INTP,0.29540712648356443,0.5153479924529742,True,INTP,0.03016452968495198,0.3367691271567268,True,INTP,0.516927279524734,0.5469249458294659,True
all,Gemini 3-Pro-Preview,ESTP,ESTP,0.23363029791385817,0.4030665044605427,True,ESTP,0.011482278068452811,0.10522762694964893,True,ESTP,0.45189404502350417,0.4067288221075269,True
all,Gemini 3-Pro-Preview,ESFP,ESFP,0.41926254452974393,0.3366622249724785,True,ESFP,0.07195146430651378,0.1890126424879367,True,ESFP,0.5506544074442118,0.31532624114541496,True
all,Gemini 3-Pro-Preview,ENFP,ENFP,0.4524633170798127,0.11426844037145967,True,ENFP,0.08849612787875338,0.05203662290761102,True,ENFP,0.7121845505060703,0.021301484400576443,True
all,Gemini 3-Pro-Preview,ENTP,ENTP,0.4064055637189422,0.23991744420264016,True,ENTP,0.029304640169308893,0.07573438589490966,True,ENTP,0.675198041313647,0.2969904236482451,True
all,Gemini 3-Pro-Preview,ESTJ,ESTJ,0.412873868593393,0.31644053846017345,True,ESTJ,0.08100644554614267,0.187155157285534,True,ESTJ,0.8213366089215779,0.08776269289797656,True
all,Gemini 3-Pro-Preview,ESFJ,ESFJ,0.3503151307253165,0.30665030628889134,True,ESFJ,0.0519425022493466,0.18889322192928915,True,ESFJ,0.5396760363135571,0.1509972820588592,True
all,Gemini 3-Pro-Preview,ENFJ,ENFJ,0.4178247313036118,0.22438571175188798,True,ENFJ,0.09244129733751083,0.15088216416773037,True,ENFJ,0.7403709326592499,0.1325662065731419,True
all,Gemini 3-Pro-Preview,ENTJ,ENTJ,0.3393892922637403,0.36152422619151264,True,ENTJ,0.045578012957192104,0.1793155566177529,True,ENTJ,0.7001236169939283,0.22711919312459583,True
all,Gemini-3-Flash-Preview,ISTJ,ISTJ,0.2573531275653314,0.5333849382808618,True,ISTJ,0.031286119811858915,0.3178600370546394,True,ISTJ,0.611843070841796,0.3212352392890523,True
all,Gemini-3-Flash-Preview,ISFJ,ISFJ,0.26832886967586383,0.41772822837397056,True,ISFJ,0.03472155139279798,0.21135851492140822,True,ISTJ,0.4722050949830489,0.14785962017230342,False
all,Gemini-3-Flash-Preview,INFJ,INFJ,0.305015188453355,0.34186136601595546,True,INFJ,0.026228417894972877,0.1579240642302906,True,INFJ,0.45803676791748815,0.32408172175595085,True
all,Gemini-3-Flash-Preview,INTJ,INTJ,0.27746096821838223,0.5810790861924422,True,INTJ,0.032338917118647115,0.3790362358910636,True,INTJ,0.5158794382533255,0.36927677742004883,True
all,Gemini-3-Flash-Preview,ISTP,ISTP,0.21385054169184659,0.4447641193205565,True,ISTP,0.02200867547983798,0.26592999753524915,True,ISTP,0.38974695753132366,0.4188714079303802,True
all,Gemini-3-Flash-Preview,ISFP,ISFP,0.4421227731699993,0.17818312427791166,True,ISFP,0.07372447644276059,0.08213658479695118,True,ISFP,0.8594765710699411,0.12204861534028821,True
all,Gemini-3-Flash-Preview,INFP,INFP,0.3994560942525198,0.18865860325325112,True,INFP,0.046930905529121936,0.037707822949193726,True,INFP,0.8340343337191405,0.16132011622173326,True
all,Gemini-3-Flash-Preview,INTP,INTP,0.24240614963908808,0.49001993379326086,True,INTP,0.022393249879123278,0.295142889775565,True,INTP,0.39139671529088244,0.47852825595526144,True
all,Gemini-3-Flash-Preview,ESTP,ESTP,0.2183149331826133,0.42836465892205866,True,ESTP,0.009661591623578825,0.11114999062556885,True,ESTP,0.41092297826628793,0.47526892033072826,True
all,Gemini-3-Flash-Preview,ESFP,ESFP,0.2792554046203023,0.31058351567207443,True,ESFP,0.030764929323797263,0.13776452352142154,True,ESFP,0.5458934635251856,0.16367259637308407,True
all,Gemini-3-Flash-Preview,ENFP,ENFP,0.21069029509107762,0.45456611667502556,True,ENFP,0.017746488805584937,0.19338415284866295,True,ENFP,0.39866541817029394,0.3074066174942464,True
all,Gemini-3-Flash-Preview,ENTP,ENTP,0.27897669676193565,0.3409809768796353,True,ENTP,0.009458163435159372,0.09274830500288411,True,ENTP,0.42986734797365933,0.33865089742714105,True
all,Gemini-3-Flash-Preview,ESTJ,ESTJ,0.23638119081908657,0.38007492703637413,True,ESTJ,0.010491003247812158,0.13886380667529408,True,ESTJ,0.3893429791528362,0.3856052550321599,True
all,Gemini-3-Flash-Preview,ESFJ,ESFJ,0.21431652295313727,0.4175402463736567,True,ESFJ,0.022422210971125067,0.2355063183500894,True,ESFJ,0.33342921346773796,0.2977529627741236,True
all,Gemini-3-Flash-Preview,ENFJ,ENFJ,0.38736647081139103,0.1731958187294778,True,ENFJ,0.06768453566611188,0.10251911411643133,True,ENFJ,0.527936119142873,0.32526951238820234,True
all,Gemini-3-Flash-Preview,ENTJ,ENTJ,0.3656855592013886,0.37875017596000654,True,ENTJ,0.029055364996533828,0.18953984655771028,True,ENTJ,0.5706033726261519,0.22280322686019416,True
all,Gemini-3.1-Flash-Lite,ISTJ,ISTJ,0.19283832412458862,0.6068490857134052,True,ISTJ,0.01862063669661773,0.3301237218782769,True,ISTJ,0.4612854803399889,0.40084199474528465,True
all,Gemini-3.1-Flash-Lite,ISFJ,ISFJ,0.2427045873310297,0.4761802470426265,True,ISFJ,0.031207105030792825,0.254745158830894,True,ISFJ,0.6377111720883055,0.3305339971132686,True
all,Gemini-3.1-Flash-Lite,INFJ,INFJ,0.32547914754928114,0.37642771459295316,True,INFJ,0.03650541811273622,0.1901889405038517,True,INFJ,0.5747001180799526,0.25940759444066663,True
all,Gemini-3.1-Flash-Lite,INTJ,INTJ,0.3440537349018603,0.5704465834445571,True,INTJ,0.04636199469400204,0.3940605878352593,True,INTJ,0.6877629415795041,0.3110577159246575,True
all,Gemini-3.1-Flash-Lite,ISTP,ISTP,0.2662036338583828,0.47474949861029786,True,ISTP,0.059141144930524026,0.3568283507444706,True,ISTP,0.533481122143677,0.3334778942140243,True
all,Gemini-3.1-Flash-Lite,ISFP,ISFP,0.3247142734288464,0.0527422115304681,True,ISFP,0.026588034366125335,0.030756118150813472,True,ISFP,0.3740368281517705,0.1682949816579073,True
all,Gemini-3.1-Flash-Lite,INFP,INFP,0.1960427565492569,0.3736961178913479,True,INFP,0.010559077628809255,0.08849706351021247,True,INFP,0.4261214384278214,0.3373637573698773,True
all,Gemini-3.1-Flash-Lite,INTP,INTP,0.3965447597206049,0.38732103718481137,True,INTP,0.08873354148784529,0.30438244873750087,True,INTP,0.8625155850557956,0.25786400918987795,True
all,Gemini-3.1-Flash-Lite,ESTP,ESTP,0.311965203625644,0.38554925937570056,True,ESTP,0.02992240598781537,0.12564091515581188,True,ESTP,0.587267209611942,0.25088435232404616,True
all,Gemini-3.1-Flash-Lite,ESFP,ESFP,0.1328762661853432,0.3990144190931937,True,ESFP,0.010800352131247082,0.137920166777182,True,ESFP,0.22865076297735284,0.3630379707240723,True
all,Gemini-3.1-Flash-Lite,ENFP,ENFP,0.25699948647425463,0.4220120115301418,True,ENFP,0.031872277168173535,0.21307153641491128,True,ENFP,0.5089663543780351,0.20910099140072824,True
all,Gemini-3.1-Flash-Lite,ENTP,ENTP,0.2626026420838692,0.33746502903557785,True,ENTP,0.02304061731886342,0.09527810217315036,True,ENTP,0.6082169592586183,0.28166274372631317,True
all,Gemini-3.1-Flash-Lite,ESTJ,ESTJ,0.31028968669799234,0.4496461100781644,True,ESTJ,0.04006208346795126,0.2316471172093152,True,ESTJ,0.4608161315309593,0.2328956376872589,True
all,Gemini-3.1-Flash-Lite,ESFJ,ESFJ,0.24579028232517908,0.3709346788107756,True,ESFJ,0.03840488062329461,0.22277104455155838,True,ESFJ,0.4859772328408984,0.2444190809200239,True
all,Gemini-3.1-Flash-Lite,ENFJ,ENFJ,0.32488024998860376,0.22680299008331695,True,ENFJ,0.05028096201991239,0.12711245199094323,True,ENFJ,0.5630134485895593,0.24130913414237487,True
all,Gemini-3.1-Flash-Lite,ENTJ,ENTJ,0.26988786233102446,0.3535382944123764,True,ENTJ,0.03208375828405241,0.15584008214952283,True,ENTJ,0.42537788671169297,0.2585630605243011,True
all,Gemini-3.1-Pro-Preview,ISTJ,ISTJ,0.3072351589278217,0.5497405264543701,True,ISTJ,0.03574687233161211,0.3192429957027819,True,ISTJ,0.6372812854161098,0.23769769773458282,True
all,Gemini-3.1-Pro-Preview,ISFJ,ISFJ,0.3346113217177757,0.4229204830042093,True,ISFJ,0.039726952916103286,0.23159946002703558,True,ISTJ,0.5591209276454336,0.07895865388843182,False
all,Gemini-3.1-Pro-Preview,INFJ,INFJ,0.30168369451316535,0.3105226209199502,True,INFJ,0.04040702265035123,0.1484929562044487,True,INFJ,0.5859525904443841,0.2892456180866658,True
all,Gemini-3.1-Pro-Preview,INTJ,INTJ,0.4030423227762257,0.3203402464585225,True,INTJ,0.11258837613233341,0.2780245601056449,True,INTJ,0.7684423477501129,0.16350977917049025,True
all,Gemini-3.1-Pro-Preview,ISTP,ISTP,0.3371803542204574,0.2952220520340508,True,ISTP,0.053092617677643505,0.1882448616346688,True,ISTP,0.5321244380447111,0.42661853148553475,True
all,Gemini-3.1-Pro-Preview,ISFP,ISFP,0.4495990968706734,0.06047799853274832,True,ISFP,0.058844153608167526,0.04040608077510344,True,INFP,0.7254301265372904,0.0010854353420216567,False
all,Gemini-3.1-Pro-Preview,INFP,INFP,0.48608356484330384,0.2890148021418004,True,INFP,0.04455388206645283,0.07990445457697826,True,INFP,0.7689806189433014,0.21011846358287134,True
all,Gemini-3.1-Pro-Preview,INTP,INTP,0.3211741766687495,0.4626599214872126,True,INTP,0.03649047732970978,0.2960816479108559,True,INTP,0.622326008626472,0.4949032580113827,True
all,Gemini-3.1-Pro-Preview,ESTP,ESTP,0.24732626854791276,0.37546851390512614,True,ESTP,0.016566727126243408,0.1017665937115042,True,ESTP,0.5086028377715289,0.3575878300867855,True
all,Gemini-3.1-Pro-Preview,ESFP,ESFP,0.3169980892170728,0.4025508455726639,True,ESFP,0.04356697480628491,0.20607786851083332,True,ESFP,0.4898302928016883,0.3529479715146874,True
all,Gemini-3.1-Pro-Preview,ENFP,ENFP,0.43677713512413546,0.12575303705847712,True,ENFP,0.08277382272355593,0.056714807312660986,True,ESFP,0.6913584520640831,0.004689914125078243,False
all,Gemini-3.1-Pro-Preview,ENTP,ENTP,0.32060770138216044,0.30854324714696457,True,ENTP,0.015435311587203127,0.08867146358190614,True,ENTP,0.6583441762332369,0.2895453314743853,True
all,Gemini-3.1-Pro-Preview,ESTJ,ESTJ,0.2754590285660344,0.38752469060873956,True,ESTJ,0.03463944929381779,0.18260079289145703,True,ESTJ,0.6421981404736457,0.21689469430244301,True
all,Gemini-3.1-Pro-Preview,ESFJ,ESFJ,0.3755272695363874,0.3049401578759612,True,ESFJ,0.05823716828425418,0.19393833757738932,True,ESFJ,0.6147013419130692,0.1569856965486197,True
all,Gemini-3.1-Pro-Preview,ENFJ,ENFJ,0.4243907179849119,0.23729529216616152,True,ENFJ,0.09820515236255556,0.16434322444300697,True,ENFJ,0.7183692835293006,0.19171309509640166,True
all,Gemini-3.1-Pro-Preview,ENTJ,ENTJ,0.4248462813700259,0.2842127993718401,True,ENTJ,0.08044787741200088,0.1531711624992539,True,ENTJ,0.8246755822272437,0.22785393780662544,True
all,Kimi-K2.5,ISTJ,ISTJ,0.2652849882391573,0.5100612676418659,True,ISTJ,0.029534945366557208,0.28653242224936326,True,ISTJ,0.5122580541386647,0.1414678580973593,True
all,Kimi-K2.5,ISFJ,ISFJ,0.2918394271572066,0.4237920937079333,True,ISFJ,0.03914582931462207,0.22323510144352976,True,ISFJ,0.5531397385111742,0.2506281109459185,True
all,Kimi-K2.5,INFJ,INFJ,0.22434430489956425,0.36645486679923944,True,INFJ,0.026329724803177412,0.13861289453274106,True,INFJ,0.4432743050874759,0.39000689741717187,True
all,Kimi-K2.5,INTJ,INTJ,0.2533869911261094,0.4731232498469954,True,INTJ,0.04632942856939215,0.2780918778936068,True,INTJ,0.5200595709727639,0.3095867179304117,True
all,Kimi-K2.5,ISTP,ISTP,0.15030043470949336,0.4213765400897316,True,ISTP,0.018234026994388697,0.21893182585560922,True,ISTP,0.30267863168325615,0.4119611203579512,True
all,Kimi-K2.5,ISFP,ISFP,0.2806366097829641,0.37559398438923575,True,ISFP,0.05017623139416949,0.1377973570003801,True,ISFP,0.45093544892315135,0.2543612907766078,True
all,Kimi-K2.5,INFP,INFP,0.3050005409411586,0.20982490535805298,True,INFP,0.03148531785412523,0.046196694344575406,True,INFP,0.6744427387908969,0.10743704145489297,True
all,Kimi-K2.5,INTP,INTP,0.23312072205013,0.4418409400383706,True,INTP,0.029544850665446987,0.2660964844107121,True,INTP,0.4289345645023263,0.5635431605093728,True
all,Kimi-K2.5,ESTP,ESTP,0.34661963290593684,0.22323742361446614,True,ESTP,0.03351927686512879,0.06231041458054398,True,ESTP,0.6340828199758909,0.27728445715715677,True
all,Kimi-K2.5,ESFP,ESFP,0.17828095753214812,0.38730565357115476,True,ESFP,0.017898239649697056,0.14968822421086914,True,ESFP,0.39874370200653175,0.20512917886861215,True
all,Kimi-K2.5,ENFP,ENFP,0.20743081167833666,0.38492326833515567,True,ENFP,0.016887942034424896,0.14473284186261592,True,ENFP,0.4190734098138548,0.302953600712304,True
all,Kimi-K2.5,ENTP,ENTP,0.30273660956806314,0.3453002655117652,True,ENTP,0.02844598510859997,0.10493205430300645,True,ENTP,0.5208635130483639,0.2979232082425687,True
all,Kimi-K2.5,ESTJ,ESTJ,0.2229653899035276,0.3622368256442719,True,ESTJ,0.018143224382526912,0.13730001336430953,True,ESTJ,0.4172840558013569,0.4164374428594518,True
all,Kimi-K2.5,ESFJ,ESFJ,0.16282590562984203,0.4059599153667839,True,ESFJ,0.015363717506681196,0.20700020785034068,True,ESFJ,0.34211893918793645,0.3556352468356019,True
all,Kimi-K2.5,ENFJ,ENFJ,0.27469273265175026,0.22822256471268582,True,ENFJ,0.0544167010608283,0.12822326764426906,True,ENFJ,0.6668744858250716,0.03424634455143982,True
all,Kimi-K2.5,ENTJ,ENTJ,0.3103522630557409,0.24592290968536618,True,ENTJ,0.05555007296702552,0.11157888698984497,True,ENTJ,0.6581906215498321,0.09174531270307329,True
all,Kimi-K2.6,ISTJ,ISTJ,0.22528942875692268,0.6113365668410065,True,ISTJ,0.016021728025586324,0.34116822176257433,True,ISTJ,0.3871624973328022,0.27627576647940794,True
all,Kimi-K2.6,ISFJ,ISFJ,0.39987202718682896,0.38646821113913027,True,ISFJ,0.05744731170773121,0.22265978319117063,True,ISFJ,0.7052145273846286,0.15170842680206464,True
all,Kimi-K2.6,INFJ,INFJ,0.2448969941784936,0.36671417351402574,True,INFJ,0.02881956699563193,0.17250013533107955,True,INFJ,0.4322458218774058,0.3874502537185972,True
all,Kimi-K2.6,INTJ,INTJ,0.23214797356085695,0.5527294335167712,True,INTJ,0.026759878957142713,0.32275753261518336,True,INTJ,0.5075789248665947,0.3284228418333087,True
all,Kimi-K2.6,ISTP,ISTP,0.25934758476977676,0.36366247287452863,True,ISTP,0.04069803565189567,0.21780856541672078,True,ISTP,0.5491008864385397,0.3667990156204999,True
all,Kimi-K2.6,ISFP,ISFP,0.277657301948361,0.3280211405564336,True,ISFP,0.045050287412534695,0.11511117208136112,True,ISFP,0.6168865396291519,0.1909350667520494,True
all,Kimi-K2.6,INFP,INFP,0.27412348816365484,0.30791632261775526,True,INFP,0.022610132598956056,0.07940557795425296,True,INFP,0.6177065053308981,0.20734963770161396,True
all,Kimi-K2.6,INTP,INTP,0.3146587073195526,0.40124276471521714,True,INTP,0.04779505720720156,0.2567219269827731,True,INTP,0.5393774580048876,0.4785491212947548,True
all,Kimi-K2.6,ESTP,ESTP,0.5128978778963293,0.1525116551467156,True,ESTP,0.05310073016118111,0.04664642157846233,True,ESTP,0.90599307404156,0.20153683344249385,True
all,Kimi-K2.6,ESFP,ESFP,0.2533316182069178,0.4471948049712398,True,ESFP,0.03393983767911235,0.21755355991397973,True,ESFP,0.4203532825309944,0.3289936430454176,True
all,Kimi-K2.6,ENFP,ENFP,0.2536518248122136,0.2428288685944533,True,ENFP,0.030752415648591214,0.09289805717440136,True,ENFP,0.47788691382653126,0.059142994728220044,True
all,Kimi-K2.6,ENTP,ENTP,0.3628792818420163,0.3073015060422823,True,ENTP,0.029691649838683776,0.09637665597256495,True,ENTP,0.6727394024524557,0.26916509647568587,True
all,Kimi-K2.6,ESTJ,ESTJ,0.2967000232595086,0.4138396691478008,True,ESTJ,0.033387623334366845,0.1941910477084009,True,ESTJ,0.6165353957042167,0.36458775714200486,True
all,Kimi-K2.6,ESFJ,ESFJ,0.23808547955276668,0.41790720242984136,True,ESFJ,0.0331802752491519,0.254715944069544,True,ESFJ,0.4515678830763975,0.3184545213797919,True
all,Kimi-K2.6,ENFJ,ENFJ,0.318659354801638,0.16993570599384705,True,ENFJ,0.07072524406275937,0.09702003607988796,True,ENFJ,0.573065763280763,0.06983622294379699,True
all,Kimi-K2.6,ENTJ,ENTJ,0.40476957369179745,0.1905138457402461,True,ENTJ,0.09415256028139829,0.09714716663227063,True,ENTJ,0.7765971911427222,0.10752953420158584,True
all,MiniMax-M2.7,ISTJ,ISTJ,0.24391869212668105,0.5050644425435912,True,ISTJ,0.033055500224220546,0.30597805155308966,True,ISTJ,0.5347822652559374,0.24976411176237523,True
all,MiniMax-M2.7,ISFJ,ISFJ,0.24537246807414836,0.4702732887881328,True,ISFJ,0.033943919794484856,0.28960504529540454,True,ISFJ,0.44398738805813914,0.1751269095444588,True
all,MiniMax-M2.7,INFJ,INFJ,0.28449582214862146,0.2616614574433319,True,INFJ,0.047232270962284995,0.09474051333716937,True,INFJ,0.532738494092948,0.14117268681489092,True
all,MiniMax-M2.7,INTJ,INTJ,0.2673864096967653,0.37007152749886785,True,INTJ,0.05386404395331312,0.24374124886232595,True,INTJ,0.3958882103629181,0.27645214403344376,True
all,MiniMax-M2.7,ISTP,ISTP,0.39743576167514694,0.21979320715288675,True,ISTP,0.13744491901706524,0.14535414389317092,True,ISTP,0.7132323003781709,0.03734748118194364,True
all,MiniMax-M2.7,ISFP,ISFP,0.3509893993302943,0.35194615963160963,True,ISFP,0.07907080429748936,0.16282457065167966,True,ISFP,0.6090775000623786,0.23242484355660586,True
all,MiniMax-M2.7,INFP,INFP,0.22203175308593526,0.2223192555776805,True,INFP,0.01861933605338595,0.07210415468191467,True,INFP,0.4671486725237346,0.17797518014461589,True
all,MiniMax-M2.7,INTP,INTP,0.28533778047696334,0.3057149372970176,True,INTP,0.05513697960793551,0.20852011274172544,True,INTP,0.5719485383166709,0.35596325713318866,True
all,MiniMax-M2.7,ESTP,ESTP,0.4137071063932759,0.23782290273979656,True,ESTP,0.051792853767019476,0.10415819558755368,True,ESTP,0.7215594559412334,0.052411107022492964,True
all,MiniMax-M2.7,ESFP,ESFP,0.374372443199591,0.34209454620798446,True,ESFP,0.09030536261458666,0.18616995887886267,True,ESFP,0.6694070665595157,0.1966086497110846,True
all,MiniMax-M2.7,ENFP,ENFP,0.3505007738276015,0.1864952792895408,True,ENFP,0.06069107235896576,0.11335257492438944,True,ENFP,0.6508221662158483,0.0166589020496547,True
all,MiniMax-M2.7,ENTP,ENTP,0.30494623308880786,0.3535453972757987,True,ENTP,0.02913824137567833,0.12007536936758423,True,ENTP,0.5310300883739202,0.24195692232206545,True
all,MiniMax-M2.7,ESTJ,ESTJ,0.4224750886728856,0.20066916909234572,True,ESTJ,0.07799273958265218,0.169384228764066,True,ESFJ,0.6662684445380851,0.03299393184849697,False
all,MiniMax-M2.7,ESFJ,ESFJ,0.3425842867554422,0.24150621422498347,True,ESFJ,0.08921778246650813,0.18434325089499914,True,ESFJ,0.5697285516625388,0.33925845623367423,True
all,MiniMax-M2.7,ENFJ,ENFJ,0.37285712829278583,0.24977534168412918,True,ENFJ,0.10988931349395337,0.20776571995508408,True,ENFJ,0.5602308863828913,0.12899548729046817,True
all,MiniMax-M2.7,ENTJ,ENTJ,0.4879379806509007,0.29717317885005884,True,ENTJ,0.1385979757079322,0.19251120953279732,True,INTJ,0.7476589657935799,0.18477797649514094,False
all,Qwen3-235B-A22B,ISTJ,ISTJ,0.2796118826114137,0.49211675922912324,True,ISTJ,0.03687844925775419,0.27355468635033864,True,ISTJ,0.586970284333508,0.15318192534558694,True
all,Qwen3-235B-A22B,ISFJ,ISFJ,0.23116638696802108,0.4232838869185974,True,ISFJ,0.03192713157186389,0.21774059014201097,True,ISFJ,0.49619552286065377,0.31672555865808155,True
all,Qwen3-235B-A22B,INFJ,INFJ,0.41759641592948255,0.20047183999062462,True,INFJ,0.10002523644505024,0.12427915708380721,True,INFJ,0.738333534710043,0.08403886973776065,True
all,Qwen3-235B-A22B,INTJ,INTJ,0.5048043052705881,0.4391523957252892,True,INTJ,0.10605651249767556,0.3225020085000633,True,INTJ,0.9867162243726213,0.27498269377862394,True
all,Qwen3-235B-A22B,ISTP,ISTP,0.5434154531809453,0.11332964652171074,True,ISTP,0.25498724642728676,0.09373733691923292,True,ISTJ,0.9204154144730666,0.024837515667481713,False
all,Qwen3-235B-A22B,ISFP,ISFP,0.38387923985405004,0.15562917718857183,True,ISFP,0.09240808568427195,0.028003402829382296,True,ISFP,0.7721200553336302,0.1902289589173659,True
all,Qwen3-235B-A22B,INFP,INFP,0.38667124789415186,0.182303491466709,True,INFP,0.05954344830454117,0.07554090590230689,True,INFP,0.7781776635657808,0.12017469437699857,True
all,Qwen3-235B-A22B,INTP,INTP,0.367050495905351,0.27466653640928773,True,INTP,0.09017339811518643,0.21093490355607014,True,INTP,0.8774634555195394,0.16696892497461724,True
all,Qwen3-235B-A22B,ESTP,ESTP,0.40604280774917906,0.3271866126343819,True,ESTP,0.04354466234378063,0.11156395159542298,True,ESTP,0.7452662090797834,0.2130610065289752,True
all,Qwen3-235B-A22B,ESFP,ESFP,0.43824939182013356,0.34828534996119254,True,ESFP,0.11171914086998158,0.20967517366857757,True,ESFP,0.8256069875907021,0.18296461978599854,True
all,Qwen3-235B-A22B,ENFP,ENFP,0.2984852727186134,0.35185761105008934,True,ENFP,0.037638437071309094,0.16041628690358134,True,ENFP,0.6092782609821594,0.18606760665184818,True
all,Qwen3-235B-A22B,ENTP,ENTP,0.3881460483482131,0.2430348706338188,True,ENTP,0.0446883993845173,0.07754583498985101,True,ENTP,0.8268452719848356,0.1114295319150388,True
all,Qwen3-235B-A22B,ESTJ,ESTJ,0.44496920352166097,0.29645204271761244,True,ESTJ,0.06196956663591813,0.14582746996423523,True,ESTJ,0.8958073401920148,0.18050540329318632,True
all,Qwen3-235B-A22B,ESFJ,ESFJ,0.34009811446992194,0.2724791621624591,True,ESFJ,0.0664439002581676,0.16930184145688143,True,ESFJ,0.727831564905932,0.16780735434277094,True
all,Qwen3-235B-A22B,ENFJ,ENFJ,0.45499566479584563,0.2515049128838158,True,ENFJ,0.11762779022978131,0.1841099829240771,True,ENFJ,0.9301341332206325,0.2080168803724598,True
all,Qwen3-235B-A22B,ENTJ,ENTJ,0.3963066048415875,0.24339124063788692,True,ENTJ,0.04616476225691879,0.11647951327750394,True,ENTJ,0.6831922003998293,0.16859293653048402,True
all,Qwen3.5-122B-A10B,ISTJ,ISTJ,0.296172752985573,0.5430013696336821,True,ISTJ,0.03732744768465024,0.3127591129244923,True,ISTJ,0.6084571461707371,0.15524296680903849,True
all,Qwen3.5-122B-A10B,ISFJ,ISFJ,0.2962265551843803,0.4142221284777075,True,ISFJ,0.04998596697026425,0.22929359727916632,True,ISFJ,0.5522125466296024,0.23197434603611966,True
all,Qwen3.5-122B-A10B,INFJ,INFJ,0.292501198474721,0.27398964963091454,True,INFJ,0.044637098570982525,0.12941838282904317,True,INFJ,0.6599644899097283,0.21140495782796465,True
all,Qwen3.5-122B-A10B,INTJ,INTJ,0.2458679850601925,0.4541409150675735,True,INTJ,0.04425006694795419,0.25536202803819075,True,INTJ,0.4310602902356964,0.3524375268089613,True
all,Qwen3.5-122B-A10B,ISTP,ISTP,0.2541098508371618,0.40739005886406426,True,ISTP,0.049941267223115315,0.26144800104759824,True,ISTP,0.44908642345723476,0.3890146039131381,True
all,Qwen3.5-122B-A10B,ISFP,ISFP,0.34238404612480433,0.3638603757059189,True,ISFP,0.07545538722658296,0.14670359536533406,True,ISFP,0.608987893208397,0.1883835599015684,True
all,Qwen3.5-122B-A10B,INFP,INFP,0.33489607467019583,0.11558759597040752,True,INFP,0.04528688148746951,0.038293774643300416,True,INFP,0.5554995466270624,0.09029665046019275,True
all,Qwen3.5-122B-A10B,INTP,INTP,0.315847239209417,0.4187057692742751,True,INTP,0.0617857566109834,0.31122315614257323,True,INTP,0.5635457664094312,0.41690938456046944,True
all,Qwen3.5-122B-A10B,ESTP,ESTP,0.5654885280879258,0.07048510279502807,True,ESTP,0.10531782516041399,0.10507632234273134,True,ESTP,0.6584808592355115,0.0646741685566784,True
all,Qwen3.5-122B-A10B,ESFP,ESFP,0.4789000690005438,0.3498306013623982,True,ESFP,0.11788668989443485,0.2164053317271255,True,ESFP,0.7527736071200849,0.15753418133716102,True
all,Qwen3.5-122B-A10B,ENFP,ENFP,0.5024225070311888,0.07323226027291907,True,ENFP,0.11514265853154793,0.04180460039361722,True,ENFP,0.6914744310860061,0.09040609508812891,True
all,Qwen3.5-122B-A10B,ENTP,ENTP,0.4021227142518006,0.2967713323112261,True,ENTP,0.05622101882756503,0.10568695436961606,True,ENTP,0.9063413211895633,0.3116040818523885,True
all,Qwen3.5-122B-A10B,ESTJ,ESTJ,0.464768813150943,0.3747514398803531,True,ESTJ,0.1008675714800199,0.26579598021172357,True,ESTJ,0.6447914862602313,0.18263148942939544,True
all,Qwen3.5-122B-A10B,ESFJ,ESFJ,0.5229630885180215,0.21086166326175515,True,ESFJ,0.13981304875048117,0.15938341930873035,True,ESFJ,0.8757023118090025,0.0005449099970157301,True
all,Qwen3.5-122B-A10B,ENFJ,ENFJ,0.6044371756014595,0.1166758410430998,True,ENFJ,0.15714590017325547,0.08725350465376736,True,ENFJ,0.8642495939988579,0.28056255116624973,True
all,Qwen3.5-122B-A10B,ENTJ,ENTJ,0.4542957645733256,0.05153460675968752,True,ENTJ,0.11273457926566877,0.01855513207352577,True,ENTJ,0.6299350336024312,0.21489697611124503,True
all,Qwen3.5-397B-A17B,ISTJ,ISTJ,0.26567484332685304,0.605146367184535,True,ISTJ,0.02983146591908392,0.3538854215844488,True,ISTJ,0.5334041349565596,0.3579883771682979,True
all,Qwen3.5-397B-A17B,ISFJ,ISFJ,0.21099740921886262,0.47807853569271413,True,ISFJ,0.024390663566302595,0.23677878897429838,True,ISFJ,0.41187684016969556,0.213246811243141,True
all,Qwen3.5-397B-A17B,INFJ,INFJ,0.3706902706197151,0.2579855989177437,True,INFJ,0.07119192728152068,0.14108822268288967,True,INFP,0.747195263099618,0.01151511996255894,False
all,Qwen3.5-397B-A17B,INTJ,INTJ,0.2478614961676869,0.5101376782991839,True,INTJ,0.03748072146768233,0.31856265712792076,True,INTJ,0.6252721297909118,0.19436832661394754,True
all,Qwen3.5-397B-A17B,ISTP,ISTP,0.4183233635245262,0.3715252822710691,True,ISTP,0.10671252690837985,0.2864750419551455,True,ISTP,0.7621465446336447,0.22747134820642156,True
all,Qwen3.5-397B-A17B,ISFP,ISFP,0.29298650306239515,0.32633856468832634,True,ISFP,0.04839350244763685,0.11759366582920738,True,ISFP,0.5805116831713089,0.3052930795634553,True
all,Qwen3.5-397B-A17B,INFP,INFP,0.39905667271791906,0.12138213080646748,True,INFP,0.061098877387465333,0.03680349136879246,True,INFP,0.8175131359465637,0.049948404913528144,True
all,Qwen3.5-397B-A17B,INTP,INTP,0.4195738426606568,0.416521942281475,True,INTP,0.10157387417842778,0.3527719638829111,True,INTP,0.8430672952050283,0.24215105800630143,True
all,Qwen3.5-397B-A17B,ESTP,ESTP,0.2986180719601862,0.3670031483229602,True,ESTP,0.02914903358617682,0.1204884468846602,True,ESTP,0.5470755881842433,0.30828500773351697,True
all,Qwen3.5-397B-A17B,ESFP,ESFP,0.3501673550046315,0.3119995610952906,True,ESFP,0.07782001235402425,0.15756206767270053,True,ESFP,0.550019063336062,0.16117707891871424,True
all,Qwen3.5-397B-A17B,ENFP,ENFP,0.39710233225214303,0.16561233317928176,True,ENFP,0.07299942551691074,0.08105877673941708,True,ENFP,0.6075658574646403,0.16144036232695103,True
all,Qwen3.5-397B-A17B,ENTP,ENTP,0.20706126053513635,0.3441397173891588,True,ENTP,0.010802593376983416,0.08328614643772592,True,ENTP,0.5079105050876757,0.2139198437725991,True
all,Qwen3.5-397B-A17B,ESTJ,ESTJ,0.25185546575229445,0.4714933536818845,True,ESTJ,0.025128692403379893,0.22075377689953413,True,ESTJ,0.3625607694673945,0.36409315808651727,True
all,Qwen3.5-397B-A17B,ESFJ,ESFJ,0.24980775857668064,0.35114478326029036,True,ESFJ,0.028749345078083244,0.19242289929189293,True,ESFJ,0.3661462118486451,0.20765663638591153,True
all,Qwen3.5-397B-A17B,ENFJ,ENFJ,0.3726374103585877,0.28625193610458116,True,ENFJ,0.06178422356621549,0.1818595037321874,True,ENFJ,0.7383934051315266,0.23502407316447682,True
all,Qwen3.5-397B-A17B,ENTJ,ENTJ,0.28717496913344365,0.237273053681051,True,ENTJ,0.033397334881345775,0.09516486846686811,True,ENTJ,0.4812510159755747,0.1965223591100294,True
