model,persona,psd,delta_norm,empirical_cosine,empirical_projection,empirical_projection_per_dim,empirical_off_target_leakage,empirical_target_norm,theory_cosine,theory_projection,theory_projection_per_dim,theory_off_target_leakage,theory_target_norm
Claude-Opus-4.6,ISTJ,1.1136510490677143,4.591700905386102,0.786336149488042,3.6106204095420638,0.8757040777972249,0.6880123743210819,0.8659170760750825,0.5094525198054276,2.339253596441813,0.5673523331315049,0.9582953559210534,0.48507125007266594
Claude-Opus-4.6,ISFJ,1.3254705028620324,5.465054886940715,0.7980350055217754,4.361305106876539,1.0577718600704524,0.7987432290795484,0.8505557243038304,0.36807657475123906,2.0115586836126584,0.48787464262725927,1.2324164827843924,0.48507125007266594
Claude-Opus-4.6,INFJ,1.229489728862592,5.0693160177124845,0.8526020824446177,4.32210939327152,1.048265503172514,0.6424830178589045,0.9435683979381038,0.3033822367094602,1.537940432040707,0.3730053439536409,1.1715425757353575,0.48507125007266594
Claude-Opus-4.6,INTJ,1.014428462531251,4.182595700649275,0.7539556289526884,3.1534915721378343,0.7648340494952579,0.6664037682412988,0.7621581856946469,0.38688382744678484,1.6181786333296582,0.3924659662550477,0.935433359959441,0.48507125007266594
Claude-Opus-4.6,ISTP,1.0566479401110844,4.3566710661693255,0.7449639981129164,3.2455630959163626,0.7871646740629309,0.7048947760115675,0.7066571451962234,0.6876885848068726,2.996032959963032,0.7266447265740887,0.7671325248502151,0.48507125007266594
Claude-Opus-4.6,ISFP,1.2330991268340505,5.084197946793699,0.816006072959392,4.14873640071133,1.006216376057509,0.7127847228670041,0.8787515974521711,0.22550850055419697,1.146529855502174,0.2780743351270363,1.2013359732991244,0.48507125007266594
Claude-Opus-4.6,INFP,1.4200921286389703,5.855189844486697,0.8816666643671984,5.162325699425281,1.2520478901512353,0.670102779124368,1.1665785869841738,0.3459314968342839,2.0254945871521812,0.4912545957026635,1.3324153166424402,0.48507125007266594
Claude-Opus-4.6,INTP,1.1206454609777416,4.620539604480223,0.756958246629338,3.4975555574887647,0.8482818232348376,0.7323006196770524,0.6970314677082278,0.5694518967162259,2.6311750416237034,0.6381536833002043,0.9211982010948555,0.48507125007266594
Claude-Opus-4.6,ESTP,1.6369619756535045,6.749367130739165,0.9137582720446125,6.167290046778923,1.4957875462758814,0.6650294175007623,1.458621065340337,0.8185304427687815,5.524562465932989,1.3399032107273223,0.9403743380261064,0.48507125007266594
Claude-Opus-4.6,ESFP,1.2529314630279482,5.1659687637239,0.8117708147825682,4.1935826724694465,1.0170931946089128,0.7316820925276162,1.1248934046581873,0.4389903130273535,2.267810244676685,0.550024775156459,1.1257486387997284,0.48507125007266594
Claude-Opus-4.6,ENFP,1.3912699896381029,5.736353121029886,0.8683994265096873,4.981445760559407,1.2081780611218669,0.6898825673195496,1.2573526341024444,0.47495643734457793,2.724517841714805,0.6607926376629412,1.2243305411848793,0.48507125007266594
Claude-Opus-4.6,ENTP,1.4772665840660995,6.090926163299919,0.9254068770067138,5.636584958857863,1.367072656066985,0.5598472232960352,1.413922502418314,0.774591060054832,4.717976953546195,1.1442774893353405,0.9343155718485759,0.48507125007266594
Claude-Opus-4.6,ESTJ,1.2964034961238724,5.345208547938741,0.8209111235865052,4.387941154892584,1.0642320506245215,0.7403189631407024,1.1190826364515243,0.8184383769404765,4.374723808383345,1.0610263732275815,0.7449060746682927,0.48507125007266594
Claude-Opus-4.6,ESFJ,1.1908350999296387,4.909938899702862,0.7574209017187384,3.7188903487968523,0.901963395187031,0.7775283075021231,0.9872960987496734,0.5434766459584943,2.6684371250716516,0.6471910659994085,0.9996159058933494,0.48507125007266594
Claude-Opus-4.6,ENFJ,1.092881495038384,4.506065840326201,0.7979744979222678,3.5957256265389823,0.8720915622917921,0.6586700761206594,1.0366039094456843,0.32736383991006973,1.4751230163767803,0.3577698827824233,1.0326619355680662,0.48507125007266594
Claude-Opus-4.6,ENTJ,1.2294742486378816,5.069252191110896,0.8521637551012303,4.3198329827322,1.0477133925195208,0.6433533828300897,1.0854709201411874,0.5478944458900205,2.777415120325476,0.6736221121935013,1.0285135769777904,0.48507125007266594
Claude-Sonnet-4.6,ISTJ,1.104368364144356,4.553427414957768,0.8925988482383703,4.064384066128324,0.9857579298661455,0.4979064042858782,0.8598683796079398,0.370851755167747,1.6886465488660252,0.409556946194668,1.025618150944385,0.48507125007266594
Claude-Sonnet-4.6,ISFJ,1.0332159162456556,4.260058356750168,0.8101253180040018,3.4511811309778353,0.8370343727153078,0.60572979824047,0.864053954436685,0.4718034308569639,2.009910148365609,0.48747481410072174,0.910990359554269,0.48507125007266594
Claude-Sonnet-4.6,INFJ,0.8380567934464359,3.4553966796460975,0.7801935885111108,2.695878335222466,0.6538465370550895,0.5242364876873695,0.9670069295121457,0.48578270357129316,1.6785719409497508,0.4071134948666984,0.7325283553140757,0.48507125007266594
Claude-Sonnet-4.6,INTJ,0.8901925561247938,3.670357936041102,0.7796697337848055,2.861666994888114,0.6940561932510334,0.5574305226571991,0.766607403580988,0.3374809597480727,1.2386759188741063,0.30042303820158545,0.8379670548999661,0.48507125007266594
Claude-Sonnet-4.6,ISTP,0.8365340579046665,3.4491182801675,0.6587171937768318,2.271993514516308,0.5510393671217076,0.6294003860155758,0.7207782884287818,0.3557045720457461,1.2268671417821406,0.29755898906867084,0.781823431510516,0.48507125007266594
Claude-Sonnet-4.6,ISFP,0.6710717771370563,2.7668998195070382,0.7218396583825987,1.9972580204918344,0.4844062223588162,0.4644221590427703,0.9099854639261832,0.30616477711080586,0.8471272665273013,0.20545854107251926,0.6388459266288227,0.48507125007266594
Claude-Sonnet-4.6,INFP,1.0044846390443656,4.141596266090349,0.8721033549367223,3.611899998450795,0.8760144236929936,0.4915161437408963,1.1889875586243448,0.41448489003154293,1.716629072905507,0.41634370515267793,0.9141374673733864,0.48507125007266594
Claude-Sonnet-4.6,INTP,0.6853472447853655,2.825759080476104,0.6087931096868007,1.720302657828762,0.41723468036816364,0.5437058648138422,0.7229443838567026,0.33621900922632003,0.9500739183499529,0.23042677161772382,0.6454489513948605,0.48507125007266594
Claude-Sonnet-4.6,ESTP,1.7213137694693885,7.0971584863523764,0.9390740571662483,6.664757414130795,1.6164411051517467,0.5916411467610366,1.4516269605036267,0.7883775111736449,5.595240143875399,1.3570450655232016,1.0589380449790462,0.48507125007266594
Claude-Sonnet-4.6,ESFP,1.371263390300181,5.653863798750222,0.9264516996366728,5.238031725866398,1.2704092985931488,0.516162280320453,1.1103851305216759,0.5531958049511154,3.1276937352336,0.7585771549971041,1.1423326947496713,0.48507125007266594
Claude-Sonnet-4.6,ENFP,1.3511234618306414,5.570824746377926,0.9264419493893339,5.161045737740707,1.2517374538440447,0.5086137589106735,1.2550732277759122,0.67283847857617,3.748265246767401,0.9090878544266965,0.9995468383437978,0.48507125007266594
Claude-Sonnet-4.6,ENTP,1.400270445513606,5.773462951283296,0.9059709889662138,5.230589939733923,1.2686044003421222,0.5927901787407386,1.4196707900082923,0.800211510398687,4.619991508477267,1.1205125281710848,0.8397672265518085,0.48507125007266594
Claude-Sonnet-4.6,ESTJ,1.3458298351104914,5.548998564268156,0.9323479596534622,5.173597489515406,1.254781700806022,0.4866013033232433,1.1083295071595343,0.7413472344117499,4.113734739374968,0.9977272262479843,0.9032155485137732,0.48507125007266594
Claude-Sonnet-4.6,ESFJ,1.3024981993696527,5.370337653177889,0.9409354063461517,5.053140841908975,1.225566672489015,0.44100781245391885,0.9689423211109366,0.6716076870898529,3.6067600501423502,0.8747678031173506,0.9650299736228052,0.48507125007266594
Claude-Sonnet-4.6,ENFJ,1.1284419533707928,4.652685366126097,0.8826216651011062,4.106560905041766,0.995987315854074,0.5304625423016102,1.0295583488698536,0.5907228691563797,2.7484476487599094,0.6665964683716243,0.9105110600546094,0.48507125007266594
Claude-Sonnet-4.6,ENTJ,1.259452312871042,5.192854916395767,0.9088922326121629,4.719745498593995,1.1447064245139136,0.525230739839919,1.0799736205695611,0.5468327250016604,2.8396230044709663,0.6887097402569156,1.054466226140728,0.48507125007266594
DeepSeek-V3.2,ISTJ,1.326620514910002,5.469796508085227,0.7986273187889413,4.3683289195732184,1.0594753848729797,0.7983945762768749,0.8547975355026519,0.4196805496671879,2.295567205080873,0.5567568268971974,1.2041361327870876,0.48507125007266594
DeepSeek-V3.2,ISFJ,1.1329358665092548,4.671214244668327,0.6652587372866812,3.1075660900036097,0.7536954839807388,0.8458645252344584,0.8682956699890112,0.6501889539985977,3.037171903644249,0.7366223859931472,0.86077356957381,0.48507125007266594
DeepSeek-V3.2,INFJ,0.8486118161201316,3.4989161530105344,0.6484509799175814,2.268875608069135,0.5502831637327377,0.6460111873419818,0.9728536525302639,0.4054007402158907,1.4184631983838072,0.34402785841105266,0.7757492166259743,0.48507125007266594
DeepSeek-V3.2,INTJ,1.0726418560654924,4.422615671016601,0.675723529648807,2.9884654714994645,0.7248093410296221,0.7907034656176927,0.7641242647217115,0.35203189865880685,1.5569017917061672,0.3776041491716419,1.0039799091177,0.48507125007266594
DeepSeek-V3.2,ISTP,0.8979346685724701,3.702279483428281,0.4616414477696541,1.7091256607777188,0.4145238604023596,0.796527864033316,0.7282610044738148,0.3541506199702229,1.3111645743591622,0.31800411956769686,0.839738083548868,0.48507125007266594
DeepSeek-V3.2,ISFP,0.8056507066261998,3.321782960773328,0.4797536609852304,1.593637536429362,0.3865138759792572,0.706880530756638,0.9152201467635928,0.49521256965827465,1.6449886758516314,0.3989683566753652,0.6999266471988715,0.48507125007266594
DeepSeek-V3.2,INFP,0.91277166838663,3.763454000829332,0.7426794682948198,2.7950400162879405,0.677896777351958,0.611234879457269,1.2004574008563709,0.4896818194827415,1.84289500266571,0.4469676913478625,0.7958467198528081,0.48507125007266594
DeepSeek-V3.2,INTP,0.8086702288924029,3.3342327700157877,0.5328636189698948,1.7766913403186293,0.4309109447208189,0.684297666821028,0.7217401887302426,0.27699340114397725,0.9235604751723775,0.22399631710478526,0.7770284351427454,0.48507125007266594
DeepSeek-V3.2,ESTP,1.3661896868722716,5.632944383603893,0.8230001761689022,4.635914220055632,1.1243743529760168,0.7760519150713558,1.4802899153516815,0.7551258218598575,4.2535817571597585,1.0316451101158854,0.8956464856683901,0.48507125007266594
DeepSeek-V3.2,ESFP,1.1403823112914235,4.701916723040538,0.7492487718557996,3.5229053301063695,0.8544300461811772,0.7552622803299529,1.1344106207962732,0.4640062198030994,2.181718604487017,0.5291444853926548,1.0101870764788627,0.48507125007266594
DeepSeek-V3.2,ENFP,1.1964874265038292,4.933244039198735,0.8186406301161003,4.038554008766148,0.979493220759086,0.6871500507667511,1.2708095840576543,0.5071524958714758,2.5019070272227193,0.6068015846302559,1.0312002708843548,0.48507125007266594
DeepSeek-V3.2,ENTP,1.397367213085359,5.761492617325915,0.8244152184639701,4.749862194791295,1.1520107962501551,0.7908895330759069,1.42621184185564,0.6600695192384546,3.8029856620142226,0.922359504540832,1.0497085655500453,0.48507125007266594
DeepSeek-V3.2,ESTJ,1.3914640643812295,5.737153311695062,0.8605752182965519,4.937251963612764,1.197459490956684,0.7087051643540421,1.1113127954610653,0.652113905396652,3.7412774519488026,0.907393065242742,1.0548981313917052,0.48507125007266594
DeepSeek-V3.2,ESFJ,1.0705528700119182,4.414002560867273,0.7877134313623776,3.476969103263081,0.8432888746919296,0.6595053610938841,0.9910295521465661,0.673957411766635,2.974849741453406,0.7215070414325754,0.7908925569595199,0.48507125007266594
DeepSeek-V3.2,ENFJ,1.0662280001918452,4.396170665782065,0.8870987582040235,3.899837538468225,0.9458495349325452,0.49214917013136295,1.0325699223144726,0.5238193877565813,2.3027994266234035,0.5585108982694164,0.9082443090421161,0.48507125007266594
DeepSeek-V3.2,ENTJ,1.3420461072467005,5.533397854627153,0.8317279789107399,4.602281814138066,1.1162172963853243,0.7450816741983791,1.0812282304187861,0.42372698541562265,2.3446499920464374,0.5686611513124158,1.215611882536552,0.48507125007266594
DeepSeek-V4-Flash,ISTJ,1.36365143096805,5.62247888640594,0.8550617742160904,4.8075667721027715,1.1660062119758514,0.7070889186056702,0.848790289971247,0.528309675103407,2.9704099937528876,0.7204302444490265,1.1578106443042948,0.48507125007266594
DeepSeek-V4-Flash,ISFJ,1.1585733996616419,4.776920501835893,0.6955885918406387,3.3227714052067063,0.8058904396146629,0.8323658581064096,0.8652683231578587,0.6217904999178374,2.970243786904307,0.7203899333671206,0.9073757029515667,0.48507125007266594
DeepSeek-V4-Flash,INFJ,1.0591608551287277,4.367032080215269,0.7383373684182666,3.22434297390429,0.7820180385073857,0.7143315088151151,0.9590622178789309,0.6231358752363848,2.721254357490312,0.6600011264767576,0.8283841078186066,0.48507125007266594
DeepSeek-V4-Flash,INTJ,1.238126953240577,5.104928206135077,0.7753811251224327,3.9582649761422584,0.9600202700480882,0.7818691920248486,0.7503181198326622,0.4810940175365677,2.455950419925268,0.5956554701548193,1.085427525547162,0.48507125007266594
DeepSeek-V4-Flash,ISTP,1.0812061413713105,4.457927123940414,0.7444183429586081,3.3185627226339567,0.8048696841563016,0.7219359470653707,0.7055598028515472,0.6200826605216458,2.7642833114245806,0.6704371807138649,0.8482456642126047,0.48507125007266594
DeepSeek-V4-Flash,ISFP,0.7196907721624709,2.967361071408202,0.5186514748171069,1.5390261960007345,0.37326868039432803,0.6153253609046929,0.9162225405073021,0.49730195105481145,1.4756744502953945,0.3579036251525406,0.6243875420269718,0.48507125007266594
DeepSeek-V4-Flash,INFP,0.9366592440210686,3.861944998310053,0.7027018660362748,2.7137959568419325,0.6581921986137313,0.6664184639504988,1.2015181438543618,0.5412905712008861,2.0904344140816535,0.5070048172167544,0.787576443736813,0.48507125007266594
DeepSeek-V4-Flash,INTP,1.1199624787314344,4.617723596538276,0.5865433499666529,2.7084950675336215,0.6569065441120918,0.9070775854737934,0.7076248670772056,0.3537260473786775,1.6334091156907355,0.39615990081409647,1.0475558633090762,0.48507125007266594
DeepSeek-V4-Flash,ESTP,1.6351236981177464,6.741787718290033,0.8611312118676403,5.80556382800547,1.4080560517136325,0.8312687070850623,1.463503461084865,0.7572861899840531,5.105462734865141,1.238256595500223,1.0678717675107119,0.48507125007266594
DeepSeek-V4-Flash,ESFP,1.1594962994637057,4.7807257152016644,0.798649487509967,3.8181241423715298,0.9260311253363918,0.697780784615228,1.1303207641532613,0.4081807448392961,1.951400183303392,0.4732840631535029,1.0585054860674736,0.48507125007266594
DeepSeek-V4-Flash,ENFP,1.0526508840766902,4.340190781948005,0.8639824930413501,3.749848852062524,0.90947193512676,0.5300327187676472,1.2751775258499098,0.553787355030528,2.4035427734628647,0.5829447488633771,0.8764983191769687,0.48507125007266594
DeepSeek-V4-Flash,ENTP,1.3573963955969917,5.596688714879091,0.8261747576014642,4.623842942386084,1.1214466381014456,0.7647760539338752,1.4280567773056505,0.6348709751046251,3.55317522177234,0.8617715732761655,1.0487491264705906,0.48507125007266594
DeepSeek-V4-Flash,ESTJ,1.5174872457431976,6.256760199726828,0.8481681496089226,5.306784721149056,1.2870843492771484,0.8038541029559378,1.105830027262224,0.6215689229089915,3.8890076982440505,0.9432229128647314,1.1887380189260572,0.48507125007266594
DeepSeek-V4-Flash,ESFJ,1.2186907045961985,5.024790500008537,0.7450119890599898,3.743529165021101,0.9079391858801343,0.8129289441350318,0.9868509453700678,0.69074849549926,3.4708664780798713,0.8418087706787573,0.8812292704384589,0.48507125007266594
DeepSeek-V4-Flash,ENFJ,1.0170515195553482,4.193410841821646,0.7660338752734491,3.212294757774332,0.7790959168777335,0.6537609239884918,1.042084487726959,0.62627348401784,2.6262220178258255,0.6369523985775661,0.7928968630131715,0.48507125007266594
DeepSeek-V4-Flash,ENTJ,1.4606134255939787,6.022263431919216,0.8013651550422989,4.826032068825509,1.170484704257982,0.8737031166955291,1.077721897291336,0.33159099616321247,1.9969283305473793,0.4843262608020696,1.3779766515158602,0.48507125007266594
DeepSeek-V4-Pro,ISTJ,1.2821344086155788,5.286375592960866,0.7281752013542508,3.8494076118384757,0.9336184811568625,0.8787634342633821,0.8619465700063378,0.4356397537060207,2.3029553613149907,0.5585487179873053,1.1540762415849126,0.48507125007266594
DeepSeek-V4-Pro,ISFJ,0.9282080619728761,3.8270998820640316,0.5182334761309122,1.9833312753822472,0.48102849052894076,0.7938399067890777,0.8844966060409981,0.6818638533294955,2.6095610726610383,0.6329115258283284,0.6789648052624669,0.48507125007266594
DeepSeek-V4-Pro,INFJ,0.9181079730706531,3.7854561486920373,0.547163020111873,2.0712616188193946,0.5023547313341288,0.7684803017137903,0.9753747766602029,0.6193371024791349,2.3444734426927516,0.5686183318045699,0.7208296906701964,0.48507125007266594
DeepSeek-V4-Pro,INTJ,1.2105613282307954,4.9912722225835795,0.715469638994547,3.5711037352153836,0.8661198764900464,0.8457511980226655,0.7556186731461404,0.46299606928485093,2.310939419786859,0.5604851365991065,1.0729935419467296,0.48507125007266594
DeepSeek-V4-Pro,ISTP,0.975259243109358,4.0210968716998154,0.6000798068950661,2.41297903427598,0.5852333782776918,0.780149014111995,0.718278627745913,0.44577743294757116,1.7925142410998527,0.4347485618516808,0.8729972962375846,0.48507125007266594
DeepSeek-V4-Pro,ISFP,0.7067962784432213,2.9141957118148722,0.5878529689262855,1.7131186012226225,0.4154922907088972,0.571775424080697,0.9138341308481298,0.5724109829823895,1.6681176320030153,0.404577952511979,0.5795495315867337,0.48507125007266594
DeepSeek-V4-Pro,INFP,0.8864434289304866,3.654899888615098,0.5673237670245479,2.073511572906718,0.5029004253550008,0.7299815852963675,1.2105291300505436,0.4864423678513371,1.7778981560775164,0.4312036405352043,0.7744968515644366,0.48507125007266594
DeepSeek-V4-Pro,INTP,1.005394216232951,4.145346548913539,0.4276923576585292,1.7729330388164788,0.4299994227169199,0.9088003226769813,0.7209650923346029,0.24247876897750817,1.0051585281657167,0.2437867518892726,0.975389947476366,0.48507125007266594
DeepSeek-V4-Pro,ESTP,1.3250823452749845,5.463454472209932,0.8661738676506998,4.73230149092759,1.1477516999624935,0.6622003148539419,1.479097962537012,0.7332049314020734,4.005831761515035,0.9715569100694437,0.9010662529779752,0.48507125007266594
DeepSeek-V4-Pro,ESFP,1.1869796123298602,4.894042317090716,0.6660696679485674,3.2597731410708506,0.7906111162462691,0.8853556703125436,1.1378529343279955,0.4446791183402163,2.176278422683609,0.5278250474986539,1.0631657064257616,0.48507125007266594
DeepSeek-V4-Pro,ENFP,1.1200067771896358,4.617906243760493,0.8011468016063997,3.6996208173069425,0.8972898473229683,0.6702880804861733,1.275674886340756,0.6382642815394798,2.947444610890469,0.7148603209622911,0.8622006161354819,0.48507125007266594
DeepSeek-V4-Pro,ENTP,1.2730388747144064,5.248873745964945,0.7637191208064994,4.008665242492665,0.9722441301493817,0.82180857133775,1.4367286064591813,0.6444202146078335,3.3824803458241526,0.8203719848475726,0.9734566158855648,0.48507125007266594
DeepSeek-V4-Pro,ESTJ,1.3835991324649222,5.704725366665835,0.837052795559604,4.775156316067425,1.158145521763606,0.7569976946970117,1.1135217505938504,0.6051614605433054,3.4522799348899404,0.8373008718089227,1.1014870899950229,0.48507125007266594
DeepSeek-V4-Pro,ESFJ,1.0679005341787835,4.403066700072647,0.8351897147081772,3.677396021074749,0.8918995424774881,0.5873046543556235,0.9883197537219442,0.7366621681811684,3.243572661921818,0.7866819229099705,0.7221794119649232,0.48507125007266594
DeepSeek-V4-Pro,ENFJ,1.025311486212641,4.227467556813744,0.7001044786160053,2.9596689697291643,0.7178251634739025,0.7321138425431115,1.045515950076807,0.5399315441064153,2.28254308561022,0.5535980139408347,0.8630138369228723,0.48507125007266594
DeepSeek-V4-Pro,ENTJ,1.3675819891123997,5.638684992802726,0.8282589475377139,4.670291297635488,1.1327120189737696,0.7663184579644384,1.0802095322058882,0.45351336591063146,2.557219010395729,0.620216711041121,1.21885673000971,0.48507125007266594
GLM-4.6V,ISTJ,1.1308221322538303,4.662499095068726,0.8924762992712196,4.161169937722347,1.0092319517278883,0.5101074028149531,0.8584643719956367,0.5375275117755005,2.5062215372278147,0.6078480070110673,0.9535614794903224,0.48507125007266594
GLM-4.6V,ISFJ,1.0893090028443717,4.491336077663593,0.9129491391261743,4.100361405629306,0.9944837163891604,0.44451798784144075,0.8551129108266667,0.6138774997836737,2.7571301620443385,0.6687022871579497,0.8599019448911175,0.48507125007266594
GLM-4.6V,INFJ,1.1648823447277996,4.8029329487298815,0.9035853788337737,4.339859987991304,1.0525706547576432,0.49904498174172857,0.943596924726304,0.46259630540909374,2.2218190372100475,0.5388702689073624,1.032748619145164,0.48507125007266594
GLM-4.6V,INTJ,1.033407621669251,4.260848778460655,0.8218275556532262,3.501682936610355,0.8492828597098543,0.5887698503890544,0.7573994506424612,0.4101480968000164,1.7475790172383125,0.42385016924627467,0.9424873190414828,0.48507125007266594
GLM-4.6V,ISTP,0.907676937848978,3.742447888688533,0.7783146265758074,2.9128019309640343,0.7064582369333997,0.569907170486431,0.711799878597431,0.6204010583599546,2.3218186309993434,0.5631237328904287,0.7118771558060045,0.48507125007266594
GLM-4.6V,ISFP,1.1387947569447696,4.695371068782876,0.9414730105075271,4.420565135576959,1.0721445281709798,0.38387447057329027,0.875538578403195,0.442571038501691,2.0780352500620323,0.5039975782213275,1.0211953483990874,0.48507125007266594
GLM-4.6V,INFP,1.4445075840843893,5.955857346185721,0.9188233269814056,5.472380661849009,1.3272472642582909,0.5701024995526692,1.1623280899544717,0.4617689731515937,2.7502301309855564,0.6670287838123378,1.2812785653569454,0.48507125007266594
GLM-4.6V,INTP,0.8886402480333543,3.6639576058165964,0.7838806762585744,2.8721055658302608,0.6965879185789731,0.5517669454711794,0.7064914009933297,0.5522889054920421,2.023563135885691,0.490786149962518,0.7408174170669519,0.48507125007266594
GLM-4.6V,ESTP,1.4107301404979085,5.816589378515319,0.9330028935257454,5.42689472060591,1.31621530306853,0.507677855807663,1.469390545007002,0.7975209935665343,4.638852140322087,1.1250869033041484,0.8510810709460822,0.48507125007266594
GLM-4.6V,ESFP,1.180929590892763,4.869097439668314,0.88861392551168,4.326747789562531,1.0493904795161206,0.5416403974474907,1.123346892409765,0.5828950807081689,2.8381729450714004,0.688358049194102,0.9595613032817858,0.48507125007266594
GLM-4.6V,ENFP,1.320745727228046,5.445574137944445,0.9174214669353096,4.9958866139379765,1.2116804825220961,0.5255470333530199,1.2574067180257622,0.6614403912501144,3.6019226883834783,0.8735945705596357,0.9905563094947535,0.48507125007266594
GLM-4.6V,ENTP,1.4746332487253053,6.080068643542154,0.9319480607768733,5.666308181739384,1.374281596506649,0.5346899211218445,1.4135303267158477,0.7886799113879995,4.7952279990217805,1.1630136199344718,0.9066104665693333,0.48507125007266594
GLM-4.6V,ESTJ,1.3313454084560243,5.489277743245276,0.895940146495992,4.918064305440361,1.1928058002888569,0.5913500819431737,1.1118098830656518,0.6083973532711521,3.339662050360669,0.8099870227943462,1.0565990817342639,0.48507125007266594
GLM-4.6V,ESFJ,1.1484836295647858,4.735319313988358,0.8917745780599812,4.222837383211247,1.0241885041639325,0.5196658111871036,0.9806625066018909,0.6487590100061585,3.0720810702061288,0.7450891025247302,0.8739890598155085,0.48507125007266594
GLM-4.6V,ENFJ,1.3087562822442897,5.396140389883886,0.9071570380866959,4.895146733187055,1.1872474725780857,0.5507144860731763,1.018272937287127,0.47049796473558086,2.538873070867832,0.6157671671308438,1.1548479563118041,0.48507125007266594
GLM-4.6V,ENTJ,1.1390329193977362,4.696353037732513,0.8349563824191527,3.921249942948338,0.9510428058366602,0.62682818454347,1.0911890827645954,0.3377950253161004,1.5864046932741993,0.38475965384383004,1.0720802209936093,0.48507125007266594
GPT 5.2,ISTJ,1.0592642735593674,4.367458485328432,0.7043082221342125,3.0760369210466485,0.7460485372808862,0.7519656782462244,0.8733701886493386,0.3294198616443166,1.4387275699741884,0.34894269044069426,1.0001398902289937,0.48507125007266594
GPT 5.2,ISFJ,1.12871156695282,4.653797011402897,0.6966053724643323,3.2418600005017115,0.7862665415019693,0.809799189359697,0.8664929165259752,0.4720132101649406,2.196653666808288,0.5327667700677009,0.9950624955673487,0.48507125007266594
GPT 5.2,INFJ,1.260508378915512,5.197209188244745,0.7894675260882742,4.1030278804068265,0.9951304315159701,0.7736903757880481,0.9463741377213291,0.5389557201311439,2.8010656207226443,0.6793582010897505,1.0617691876902013,0.48507125007266594
GPT 5.2,INTJ,0.8956303593400001,3.6927785730687215,0.5529807912829523,2.042035617368273,0.49526638480486823,0.7462338431442345,0.7777733490071361,0.35239430838964214,1.3013141512926416,0.315615041052386,0.8381771211581706,0.48507125007266594
GPT 5.2,ISTP,0.8914081288672712,3.675369870853958,0.5102900431018275,1.8755046498132242,0.4548766925009991,0.7666131011338124,0.7259947902404897,0.41988621089712636,1.543237128718329,0.3742899815929758,0.809021298786243,0.48507125007266594
GPT 5.2,ISFP,1.1441149901177772,4.7173069521081015,0.6879181010910467,3.245120840757798,0.7870574114316229,0.8303852971499162,0.8913084919823104,0.40935062825478724,1.9310325645161268,0.4683441900004318,1.0438643735203539,0.48507125007266594
GPT 5.2,INFP,1.3458202269301354,5.548958948725677,0.7941398554927711,4.406649457676329,1.0687694805335461,0.8179021217079308,1.1770528376160039,0.6572210134467918,3.6468924238561344,0.8845013334602149,1.0143418922244032,0.48507125007266594
GPT 5.2,INTP,0.8685362864641605,3.5810668487734523,0.4861237315233182,1.740841579360201,0.4222161005393634,0.7590051681973506,0.7220019063406478,0.48507914396017987,1.7371008414672051,0.42130883833638855,0.7595091465180633,0.48507125007266594
GPT 5.2,ESTP,1.321011758556076,5.446671013209636,0.8024329618785782,4.370588353508005,1.0600233780945814,0.7883035609055493,1.4840538243407098,0.6689036340868666,3.643298034411522,0.8836295659696418,0.9819729407614649,0.48507125007266594
GPT 5.2,ESFP,1.1794205144911158,4.862875358267195,0.7291297364266971,3.54566702824924,0.8599505688671467,0.8071665064331888,1.1339674440067167,0.5068110952510596,2.464559186392786,0.5977434027108106,1.016727876335743,0.48507125007266594
GPT 5.2,ENFP,1.390640245968738,5.733756621364031,0.7995643020002523,4.584507110800256,1.111906297601453,0.8351914026510454,1.2627270325522142,0.6794765738088874,3.895953304138454,0.9449074697315866,1.0203088588037659,0.48507125007266594
GPT 5.2,ENTP,1.159124547369882,4.779192942052284,0.7459843552321107,3.5652031654067273,0.8646887781034334,0.7719346043140083,1.4431474418870167,0.7077326365076868,3.3823908212575917,0.8203502719508656,0.8188987407644331,0.48507125007266594
GPT 5.2,ESTJ,1.16889084514949,4.819460419368844,0.7493670237013068,3.6115447103086824,0.8759282536613784,0.7739867584862269,1.1300846833535103,0.4239579135837203,2.043248383994937,0.4955605239166893,1.058643270894264,0.48507125007266594
GPT 5.2,ESFJ,1.1734249271813086,4.838154918501248,0.7499071079395263,3.628166762696665,0.8799596935266845,0.7762712138800995,0.9885936824214906,0.5137490785692419,2.4855976313552617,0.6028459751095772,1.006728756927427,0.48507125007266594
GPT 5.2,ENFJ,1.2722647951284674,5.245682134069484,0.783335451637573,4.109128783638467,0.9966101178945422,0.7908387837185956,1.0289745746982029,0.4677903558176499,2.453879512002653,0.5951532012074151,1.1244778237101196,0.48507125007266594
GPT 5.2,ENTJ,1.089619628926499,4.492616821810276,0.6791501757345074,3.051161504040253,0.7400153624692005,0.7997800941830816,1.1032302766432753,0.3002472288266975,1.3488957509287405,0.32715527406035577,1.039346122519546,0.48507125007266594
GPT-5.5,ISTJ,0.8039561157324963,3.3147959835263783,0.674797164920779,2.2368149319743855,0.5425073076170102,0.5933222203877295,0.8857456633632013,0.5440268988142924,1.8033381791199279,0.4373737524247343,0.6745736703382293,0.48507125007266594
GPT-5.5,ISFJ,1.0770462244971961,4.440775347274651,0.7972061404938471,3.540213375401048,0.8586278637648793,0.6502205481759435,0.8626778894874129,0.3677833669622156,1.6332433091434733,0.3961196868195211,1.0015576685431895,0.48507125007266594
GPT-5.5,INFJ,1.2976622779757474,5.350398638473632,0.8704283974282933,4.657138912489126,1.129522097021578,0.6388327011207102,0.9387966482135611,0.3191552408638281,1.7076077661795503,0.41415571688725356,1.2297977190785527,0.48507125007266594
GPT-5.5,INTJ,0.7096901045497304,2.926127262514179,0.6703465339845255,1.9615192684240075,0.47573830178802723,0.5266242614119209,0.7795211868308068,0.6644927851617222,1.9443904544056925,0.4715839541739641,0.5303476394417682,0.48507125007266594
GPT-5.5,ISTP,0.9206416887878436,3.7959029262193016,0.7694449150654278,2.9207382046614194,0.7083830660350544,0.5880259780731703,0.7116384698102792,0.6308900544860964,2.394797403946428,0.5808236852015345,0.7143003330833897,0.48507125007266594
GPT-5.5,ISFP,1.2170393234462944,5.017981681099328,0.9183087210002454,4.608056339572985,1.1176178245209705,0.481783263644169,0.8727074383631103,0.26769189767989515,1.3432730387364296,0.32579156604439424,1.1726229446454453,0.48507125007266594
GPT-5.5,INFP,1.4369698750295674,5.924778575577516,0.8953902347906849,5.304988879869172,1.2866487937898656,0.639857252191123,1.1645985085056656,0.45042871481898894,2.6686903993844604,0.6472524940431712,1.2829445158296537,0.48507125007266594
GPT-5.5,INTP,0.8807157657871877,3.6312841284873194,0.7784957951191172,2.826939424910166,0.6856335203604388,0.5527810921732618,0.7071331845760171,0.7094776204427827,2.5763148226308275,0.624848125797137,0.6206650302650517,0.48507125007266594
GPT-5.5,ESTP,1.5263192576981688,6.293175517903892,0.9400777263246259,5.916074132232891,1.4348587374223856,0.5204141428352301,1.4623968737388024,0.7704602581960008,4.848641634396984,1.1759683293756595,0.9730102593116425,0.48507125007266594
GPT-5.5,ESFP,1.1756980801436407,4.847527368268128,0.8793092064381824,4.262475443379219,1.0338021458619995,0.5599277621841661,1.124234443286217,0.4403878676127553,2.1347922409060724,0.5177631704708682,1.0555506974832602,0.48507125007266594
GPT-5.5,ENFP,1.3883877542880643,5.724469360243788,0.952094557394211,5.4502361218580315,1.321876424410437,0.4245742277210573,1.2510495186676904,0.6371943718809218,3.6475996583521226,0.8846728630207467,1.07003480396281,0.48507125007266594
GPT-5.5,ENTP,1.3650825143992635,5.628379394551905,0.9033664611035828,5.08448917540468,1.233169760147243,0.5854422377801298,1.4217652043783753,0.863181956313901,4.858315536666163,1.1783145953090552,0.6892205638257413,0.48507125007266594
GPT-5.5,ESTJ,1.075991455177794,4.436426421960095,0.8805227374735629,3.906374337664347,0.9474349416113137,0.5100241592607093,1.126374563300143,0.7408992957308099,3.2869452115917914,0.7972013113535968,0.7226532230549672,0.48507125007266594
GPT-5.5,ESFJ,0.9938276482712592,4.097656367481599,0.762292289566552,3.1236118542245084,0.7575871534352401,0.6432379803916056,0.9961060623273877,0.48471619775531477,1.9862004141535354,0.4817243588941511,0.8692727054937368,0.48507125007266594
GPT-5.5,ENFJ,1.2299285623722598,5.071125374624906,0.8387643297726091,4.25347907604013,1.031620206286357,0.6696894941096116,1.0271965927536932,0.4125802136205119,2.092245990359142,0.507444189001516,1.1203680928996895,0.48507125007266594
GPT-5.5,ENTJ,1.0257135420675898,4.229125275571096,0.8237446208615774,3.483719196701427,0.8449260128230524,0.5815395973068217,1.097513780654047,0.6349959587794026,2.6854774591594737,0.6513239540782263,0.7923795663851674,0.48507125007266594
Gemini 3-Pro-Preview,ISTJ,1.1146281247187122,4.595729491499386,0.6871948823983048,3.1581617874453416,0.7659667430839184,0.8097473710382563,0.8720283082697289,0.5673868501259136,2.6075564802126032,0.6324253407459042,0.9178420587423416,0.48507125007266594
Gemini 3-Pro-Preview,ISFJ,1.1348398392188361,4.679064525258225,0.7368323373819102,3.4476860509067957,0.8361866912857262,0.7672374326079662,0.8636836568031845,0.30205413368072265,1.413330781613075,0.34278306450161616,1.0818323490121353,0.48507125007266594
Gemini 3-Pro-Preview,INFJ,1.2474025727937565,5.143172565295881,0.8276101111072802,4.2565416182084395,1.0323629818653481,0.7001713021015431,0.9443705229505643,0.18884370797899813,0.9712557780063301,0.23556412718891515,1.2249582525923925,0.48507125007266594
Gemini 3-Pro-Preview,INTJ,1.0661433485493221,4.39582163811856,0.6720791785754714,2.954340195711005,0.7165327459367309,0.7894570689127621,0.7646153468695314,0.5159584966255671,2.2680615238377904,0.5500857193048563,0.913272873282033,0.48507125007266594
Gemini 3-Pro-Preview,ISTP,1.2206299964429987,5.032786405131793,0.7452909024581947,3.7508899217600074,0.9097244316165455,0.813842150995135,0.6990674631126365,0.749201214049018,3.7705696847741317,0.914497475239743,0.8084750806280738,0.48507125007266594
Gemini 3-Pro-Preview,ISFP,1.483216317468102,6.115457542560641,0.8319428796234666,5.087711358172948,1.2339512542589264,0.8229793111108319,0.8650432131327958,0.3045407648048567,1.8624061171430473,0.45169983169277894,1.4127625088642295,0.48507125007266594
Gemini 3-Pro-Preview,INFP,1.756618368450358,7.242723077020988,0.8786629249348958,6.36391224334873,1.543475433616956,0.838684492641987,1.1490809188436806,0.3376741089836389,2.4456800616483014,0.5931645423907681,1.6534400255308772,0.48507125007266594
Gemini 3-Pro-Preview,INTP,1.2655296570829901,5.217912448504865,0.7850067495561032,4.096096490669132,0.993449322573568,0.7839794362320414,0.688310677899151,0.6421779335951462,3.350828233861244,0.8126952200889286,0.9700988569219111,0.48507125007266594
Gemini 3-Pro-Preview,ESTP,2.0443001998367265,8.428865654398114,0.9506164794905436,8.012618594482692,1.9433454589906036,0.6344854088732692,1.432338530302071,0.8446529712319399,7.119466419102217,1.7267242378821395,1.0943430510415022,0.48507125007266594
Gemini 3-Pro-Preview,ESFP,1.549482122042873,6.38867845418896,0.9156991072844217,5.85010715722805,1.4188593959078302,0.6226819904048552,1.101475663764507,0.5721456520335803,3.655254599804828,0.8865294590305951,1.27081090835789,0.48507125007266594
Gemini 3-Pro-Preview,ENFP,1.6354955805081959,6.743321028666164,0.9103889234399394,6.139044771697293,1.488937060829635,0.6766921181378192,1.2408608748872954,0.6053878303733727,4.082324487055349,0.9901091210690964,1.3017410350133476,0.48507125007266594
Gemini 3-Pro-Preview,ENTP,2.137321781454297,8.81240346086937,0.9303652591394996,8.198754029513555,1.9884899330672237,0.7836148183701459,1.377020451102648,0.8189614420615847,7.21701864634208,1.7503841282894461,1.2264990015941166,0.48507125007266594
Gemini 3-Pro-Preview,ESTJ,1.2561271901141229,5.179145084050845,0.8519240734476321,4.412238376980874,1.0701249925703518,0.6577902538197921,1.11890491461773,0.7799284948435387,4.039362829980088,0.9796893887177514,0.7861706044986929,0.48507125007266594
Gemini 3-Pro-Preview,ESFJ,1.236297096374234,5.097383512995383,0.8506782830098617,4.336233454677689,1.0516910912337107,0.6499048846739102,0.978791497832809,0.4957246326986026,2.526898569703549,0.612862924006466,1.0736990019933923,0.48507125007266594
Gemini 3-Pro-Preview,ENFJ,1.1851384553745812,4.88645103249076,0.8633414817395333,4.218675874838246,1.0231791901295928,0.598044733521999,1.027837558944669,0.4270553201379326,2.086784910018673,0.5061196824677667,1.0716324115228948,0.48507125007266594
Gemini 3-Pro-Preview,ENTJ,1.463677635131973,6.034897491503391,0.8411124800236464,5.0760275957669,1.2311175256409996,0.791645032603065,1.0743614459257895,0.5433717241904156,3.279192655270611,0.79532104026061,1.2287459715109164,0.48507125007266594
Gemini-3-Flash-Preview,ISTJ,0.8647171134088248,3.56531999486379,0.816696162015992,2.911783156164134,0.7062111477505345,0.4990005020187484,0.876310252031169,0.3632403036234808,1.2950679174491901,0.3141001068230414,0.8056530327106355,0.48507125007266594
Gemini-3-Flash-Preview,ISFJ,0.9868454039093456,4.068867836473555,0.8806329492686665,3.5831790830181256,0.8690485785169155,0.4675664866034862,0.8624516378554047,0.4471490783603295,1.8193905030491382,0.441267012842191,0.8826931939209282,0.48507125007266594
Gemini-3-Flash-Preview,INFJ,1.2771655416329024,5.265888429551646,0.9505500282556223,5.005490395501272,1.2140097416862625,0.39665119163481566,0.9342582997828255,0.4222915179771573,2.2237400184137135,0.5393361752842766,1.157699577076969,0.48507125007266594
Gemini-3-Flash-Preview,INTJ,0.8693508135908431,3.5844252301516955,0.8074398280537678,2.894207691505272,0.7019484714441935,0.5128734546925013,0.7662453308326235,0.5505773918420026,1.9735034944695904,0.4786449035425694,0.7257202583666694,0.48507125007266594
Gemini-3-Flash-Preview,ISTP,0.8545542761317872,3.5234175433145998,0.8311302241577518,2.928418812576419,0.7102458870763777,0.4751986855476477,0.7118043526193286,0.6866147668985496,2.419230515189214,0.5867495851083859,0.6212792731374998,0.48507125007266594
Gemini-3-Flash-Preview,ISFP,1.3033630112308432,5.373903363827864,0.9104461966954038,4.892649879005716,1.18664189648859,0.539106806247791,0.868539304623849,0.3294964851450478,1.7706822698904303,0.4294535310686283,1.2305790521934858,0.48507125007266594
Gemini-3-Flash-Preview,INFP,1.5389740591816512,6.345352601091513,0.9589767479968127,6.085045602287855,1.4758403385254741,0.43627565828849796,1.153775158008753,0.5281086871359137,3.351035831576894,0.8127455699306498,1.3068610459387608,0.48507125007266594
Gemini-3-Flash-Preview,INTP,0.8997669693133042,3.7098342529206376,0.8080382791521613,2.997688085669736,0.7270461535218778,0.5300797012867882,0.7047540444295247,0.7926220418819264,2.940496400593467,0.7131751324350238,0.5485998811005474,0.48507125007266594
Gemini-3-Flash-Preview,ESTP,1.7192937795062253,7.088829854371567,0.9616231166099014,6.816782657678099,1.6533126426167928,0.47172916595465814,1.4496006696337507,0.7606781545972704,5.392318011877401,1.3078292194053618,1.1160438311815368,0.48507125007266594
Gemini-3-Flash-Preview,ESFP,1.4891684733499322,6.139998909961569,0.9494855664530757,5.829840343046127,1.4139439714627224,0.4673170097306451,1.1020120416744974,0.5350176893310613,3.2850080293028734,0.7967314756363448,1.2581103678730654,0.48507125007266594
Gemini-3-Flash-Preview,ENFP,1.6198786528329336,6.678930786313426,0.9698978334621546,6.477880499489077,1.571116795854256,0.394460218131684,1.2364204329698725,0.724789936183392,4.8408218183854,1.174071745411621,1.1160476631981044,0.48507125007266594
Gemini-3-Flash-Preview,ENTP,1.7867308830116055,7.366880155209961,0.9784822139274161,7.208361204007789,1.748284390101683,0.3686582965758659,1.3917037963499759,0.8463516418007987,6.234971114311674,1.5122026162930633,0.9516567109960642,0.48507125007266594
Gemini-3-Flash-Preview,ESTJ,1.2986138565850405,5.354322097590826,0.9257611125840121,4.956823182198844,1.2022062086891818,0.4910174949060933,1.1114158645529637,0.688434549710588,3.6861003222603914,0.8940106456060524,0.9418826434634631,0.48507125007266594
Gemini-3-Flash-Preview,ESFJ,1.160569567905524,4.785150914351923,0.9502563799562819,4.54712018541655,1.1028386362853293,0.3614812087297615,0.9762676736558684,0.6137284971289138,2.936783479200253,0.7122746167242099,0.9162895788552843,0.48507125007266594
Gemini-3-Flash-Preview,ENFJ,1.3529204690153127,5.57823399681032,0.9432433065569744,5.261631879899893,1.2761331767026163,0.4493082581029456,1.0132055947594163,0.6600652426907184,3.6819983768902196,0.8930157777218329,1.016325054409505,0.48507125007266594
Gemini-3-Flash-Preview,ENTJ,1.3811823066365378,5.694760538496686,0.9355512465395518,5.327740320534824,1.2921668286721866,0.4878211260750108,1.071356626451545,0.6094081647530615,3.4704335684734215,0.8417037746767727,1.0950795952170327,0.48507125007266594
Gemini-3.1-Flash-Lite,ISTJ,1.2311934359288002,5.076340581901572,0.7546925554764132,3.83107644622392,0.9291725204468917,0.8077596820345362,0.862434033772105,0.31959621090476176,1.622379215237816,0.3934847570136591,1.1666220564827607,0.48507125007266594
Gemini-3.1-Flash-Lite,ISFJ,1.2306421061391677,5.074067390944369,0.7290369578365334,3.699182654551639,0.8971835772452432,0.8423429361750921,0.859866464303423,0.5228351829746956,2.6529009527703353,0.6434229907396365,1.0490409183584348,0.48507125007266594
Gemini-3.1-Flash-Lite,INFJ,1.367050278526204,5.636492693893581,0.7771449265659977,4.38037170068571,1.0623961883172734,0.8603143629322367,0.9421736099316885,0.46672099206863377,2.6306694618816184,0.638031062201452,1.2090255694916707,0.48507125007266594
Gemini-3.1-Flash-Lite,INTJ,1.1905207943988398,4.908642984800663,0.6858577634575665,3.3666308991670566,0.8165279293961137,0.866384384907842,0.7584600661500412,0.33630783354323157,1.6508150878554928,0.4003814691524409,1.1211754729101855,0.48507125007266594
Gemini-3.1-Flash-Lite,ISTP,0.8559551419016426,3.5291934608510256,0.6554931628198536,2.313362183856384,0.5610727431970244,0.6464182715465484,0.7201382157240828,0.5872235978497822,2.0724256815888635,0.5026370580255034,0.692831287433909,0.48507125007266594
Gemini-3.1-Flash-Lite,ISFP,1.3181089822454473,5.434702559873373,0.771705561352773,4.193990189752434,1.0171920320678551,0.8382909154785088,0.8777468188472713,0.4470193191180335,2.429417037923629,0.589220179766724,1.1790805183836253,0.48507125007266594
Gemini-3.1-Flash-Lite,INFP,1.3906240194104882,5.733689717550427,0.8339461589464736,4.78158851654207,1.159705559526083,0.7674100459113607,1.17181534189382,0.5734569290288907,3.2880240974309958,0.7974629796049512,1.1392488575903754,0.48507125007266594
Gemini-3.1-Flash-Lite,INTP,0.9812527144905375,4.045808587268535,0.508618492420388,2.057773064277982,0.4990832763275906,0.8448507400630991,0.7171612849942686,0.4175838510204978,1.6894643303633945,0.40975528734127564,0.8916038886136135,0.48507125007266594
Gemini-3.1-Flash-Lite,ESTP,1.471493196978749,6.067121878521196,0.8271962137349245,5.018700246181056,1.2172136010775205,0.8268514244449446,1.4747376824225022,0.7484078802696993,4.540681824441965,1.1012771043821485,0.9759513144201454,0.48507125007266594
Gemini-3.1-Flash-Lite,ESFP,1.2527940124285777,5.16540204038439,0.7875495296174584,4.068009947189786,0.9866373351956946,0.7720360136514578,1.1265963073870509,0.6588755115547472,3.4033569117442,0.8254352958116035,0.9424167920858085,0.48507125007266594
Gemini-3.1-Flash-Lite,ENFP,1.38217287892256,5.698844772661765,0.8045203188568669,4.584836413617633,1.1119861652660918,0.8209072027250643,1.2627531498375764,0.7167048501047544,4.0843896885608135,0.9906100060070503,0.9638950582028055,0.48507125007266594
Gemini-3.1-Flash-Lite,ENTP,1.336004109774002,5.508486060857503,0.8751057987147638,4.820508093995848,1.169144943569985,0.646534672123437,1.4254442264206557,0.7716708491130723,4.2507381159094315,1.0309554258078584,0.8497281278917164,0.48507125007266594
Gemini-3.1-Flash-Lite,ESTJ,1.4187206314344232,5.84953501664711,0.8044640498384805,4.705740629163937,1.1413097447531424,0.8427219568690526,1.1143112881605661,0.520556888749611,3.0450157488977236,0.738524797904387,1.2113419636659057,0.48507125007266594
Gemini-3.1-Flash-Lite,ESFJ,1.2936531359185908,5.333868522303869,0.7519380889584956,4.010738903417046,0.97274706679779,0.8528197817290003,0.9829281982351592,0.6485118951117561,3.4590771836762246,0.8389494467918315,0.9847346149088512,0.48507125007266594
Gemini-3.1-Flash-Lite,ENFJ,1.4168669442695625,5.841892068669537,0.7831674972317964,4.575179990518203,1.1096441386540563,0.8810231684322865,1.0220856406750363,0.5719667682871403,3.341368127199192,0.8104008072067375,1.1622230721520013,0.48507125007266594
Gemini-3.1-Flash-Lite,ENTJ,1.31674447990165,5.429076572583493,0.8260385365809023,4.4846264670025295,1.0876816832289402,0.7421351503060111,1.082913406395857,0.3381881973653177,1.8360496194402887,0.4453074420486717,1.2391599200295074,0.48507125007266594
Gemini-3.1-Pro-Preview,ISTJ,1.0080695497726426,4.156377231681445,0.6882466293957381,2.8606126202019433,0.6938004698275005,0.7313310640509931,0.87650133319331,0.6510780437707663,2.706125957176508,0.6563319504508491,0.7651356663992356,0.48507125007266594
Gemini-3.1-Pro-Preview,ISFJ,1.0963403940830247,4.520327246435603,0.7890560205944718,3.566791428857243,0.8650739885721266,0.6735051996785432,0.8622403080962836,0.35081491346932814,1.5857982118113523,0.38461256048316544,1.0266622804100214,0.48507125007266594
Gemini-3.1-Pro-Preview,INFJ,1.1821982236918214,4.8743281466989545,0.8522940943438763,4.15436109332565,1.0075805643963602,0.618364007968454,0.9460139675948437,0.2803424881686453,1.3664812807960465,0.3314203915383179,1.1347921237709953,0.48507125007266594
Gemini-3.1-Pro-Preview,INTJ,1.006366650352453,4.149355997502201,0.6293960628242913,2.611588328084245,0.6334032074895042,0.7820321039980549,0.7695303418643705,0.5302954117746767,2.200384447295154,0.5336716172449563,0.8532106655971722,0.48507125007266594
Gemini-3.1-Pro-Preview,ISTP,1.2118796976156614,4.996707998810963,0.7698947538376192,3.846939274743029,0.933019821476618,0.773386329220246,0.6978447496767434,0.7688850858427413,3.841894258596879,0.9317962253322931,0.7748601137944301,0.48507125007266594
Gemini-3.1-Pro-Preview,ISFP,1.4747435283233667,6.080523337973311,0.8502933375505782,5.1702284830995096,1.2539645967291912,0.7761708990173809,0.8640040668612708,0.3203215761584605,1.9477228194879146,0.4723921714220301,1.3970376196476715,0.48507125007266594
Gemini-3.1-Pro-Preview,INFP,1.7957666158547287,7.404135436127021,0.8828395815848666,6.536663830428063,1.5853738477652608,0.8434260497757448,1.1466051768346779,0.3809730850447876,2.820776319190745,0.684138747662614,1.660340902515196,0.48507125007266594
Gemini-3.1-Pro-Preview,INTP,1.2578650963184526,5.186310654898712,0.8187618558169322,4.246353336647998,1.0298919606290404,0.7221822138268852,0.6863826065510481,0.65188647482701,3.380885770179683,0.8199852434469733,0.9538599483495666,0.48507125007266594
Gemini-3.1-Pro-Preview,ESTP,1.9135091607734713,7.889600385456029,0.9455067996310113,7.459670810820122,1.8092359226675472,0.6230430839783908,1.4402434222290297,0.8305080486998813,6.552376621146918,1.5891847592833233,1.0658372808386847,0.48507125007266594
Gemini-3.1-Pro-Preview,ESFP,1.4533119348761554,5.992158614465164,0.9313673302323799,5.5809007710833765,1.3535672567804593,0.5291231061154832,1.105473707902504,0.5317171492705746,3.1861334964605326,0.7727508790132522,1.2308418497263247,0.48507125007266594
Gemini-3.1-Pro-Preview,ENFP,1.5810983311679287,6.519035423893182,0.9181724013496048,5.985598409639141,1.4517208514983095,0.626401230959065,1.2431354089155437,0.6177614970068143,4.0272090825047036,0.9767416719772753,1.243321213140452,0.48507125007266594
Gemini-3.1-Pro-Preview,ENTP,2.0658199416280967,8.517593822839952,0.9458569531193736,8.056425341179795,1.9539701556815936,0.6705316263487962,1.3792414419941215,0.8161306381946392,6.9514692825170865,1.6859789473561506,1.193770086867718,0.48507125007266594
Gemini-3.1-Pro-Preview,ESTJ,1.2282094179761345,5.064037160693993,0.8446400488090572,4.277288594579454,1.037394862747106,0.6575030594234436,1.1208307693489634,0.7847222106803667,3.973862435707318,0.9638032096526788,0.7613026648242271,0.48507125007266594
Gemini-3.1-Pro-Preview,ESFJ,1.127479078700092,4.648715332154566,0.8700482064468064,4.04460643702285,0.9809611502293126,0.5558095848824417,0.9831406810628737,0.5169248878756432,2.4030366518397823,0.5828219963391784,0.9651567714571674,0.48507125007266594
Gemini-3.1-Pro-Preview,ENFJ,1.085356095344547,4.475037822513519,0.90109013383909,4.032412430423697,0.9780036692170898,0.47064495822166225,1.0307114189187914,0.4618227442142971,2.066674247655966,0.5012421304017329,0.9626807261038798,0.48507125007266594
Gemini-3.1-Pro-Preview,ENTJ,1.3277813919641748,5.474582926797937,0.8302888608217811,4.545485221765431,1.1024420993542934,0.7400167852269433,1.082049882946209,0.5715986711972448,3.1292643263168243,0.7589580792871504,1.0894888979384236,0.48507125007266594
Kimi-K2.5,ISTJ,0.827028610818584,3.4099263178128627,0.8535799304996481,2.9106446693676244,0.7059350241437475,0.43085039723746754,0.8764459349414861,0.6526214238046667,2.225390968600035,0.5397365895196199,0.6266264733046684,0.48507125007266594
Kimi-K2.5,ISFJ,0.9683807484061262,3.9927361114931395,0.9201273638400264,3.67382575277706,0.8910336252243608,0.3792365391192448,0.8613000398475535,0.44684112930610803,1.7841187130808729,0.43271234721608753,0.8663263233045347,0.48507125007266594
Kimi-K2.5,INFJ,1.2408120019743192,5.115998945674227,0.8898488638576043,4.552465849304912,1.1041351502177275,0.5661271891520442,0.9404407663606057,0.2596665475610912,1.328453783549409,0.3221973687250373,1.1982500906864895,0.48507125007266594
Kimi-K2.5,INTJ,0.8319942228071862,3.4304000605377025,0.8619927275220556,2.9569799046747187,0.7171729694001592,0.4217550459049565,0.7655322062795846,0.5733587401261642,1.9668498568386146,0.4770311593809754,0.6816565555792566,0.48507125007266594
Kimi-K2.5,ISTP,0.8336405733823309,3.437188137855821,0.8553152721014462,2.9398795073940147,0.713025513857314,0.4319157581956634,0.7117309801700753,0.7319834841810278,2.5159649489334024,0.6102111314590684,0.5679779754820298,0.48507125007266594
Kimi-K2.5,ISFP,1.0103827070049125,4.165914623278756,0.9187345009283641,3.8273694923281814,0.9282734520668079,0.39897570452666264,0.8839797914860397,0.34859004583640374,1.452196369479286,0.3522093541471522,0.9470067504858776,0.48507125007266594
Kimi-K2.5,INFP,1.4568823753632998,6.006879917723642,0.9595786051759421,5.7640734529086295,1.3979931576565285,0.41002608062139134,1.1583853842881642,0.43396816503859836,2.6067946555017354,0.6322405711134856,1.3125464242769869,0.48507125007266594
Kimi-K2.5,INTP,0.8333150631951741,3.435846024971959,0.9097188835158785,3.1256540097699594,0.7580824489068775,0.3460129986103536,0.7033015144983179,0.7522480694175281,2.584608539101044,0.6268596475051151,0.5490546210330443,0.48507125007266594
Kimi-K2.5,ESTP,1.7264007083681734,7.11813247274313,0.9647170848366005,6.8669840085854945,1.6654882586367863,0.45454182007504706,1.4489022629572876,0.8053724527923918,5.732747808874308,1.3903955730009985,1.023357003412473,0.48507125007266594
Kimi-K2.5,ESFP,1.3403207583709427,5.526284058971362,0.9330636499855043,5.156374774920527,1.250604578956931,0.48212853308222325,1.111599712626465,0.4782034523447347,2.642688115637779,0.6409460139022978,1.177135481829859,0.48507125007266594
Kimi-K2.5,ENFP,1.5390362418189139,6.345608986673026,0.9580585634430049,6.079465029942981,1.4744868509237496,0.44104543993227074,1.2420538709936266,0.6737438760776354,4.275315194754161,1.0369162429870322,1.1372938312774517,0.48507125007266594
Kimi-K2.5,ENTP,1.6753576272597277,6.907676457876039,0.963998421316211,6.658989200355658,1.6150421078184507,0.4454909305369532,1.399469163467193,0.836604764372646,5.778995035403857,1.4016121729935396,0.917772572990538,0.48507125007266594
Kimi-K2.5,ESTJ,1.242026057631438,5.1210046253839065,0.8926950760011942,4.571495613259554,1.1087505459127602,0.559732931650129,1.1168075798895718,0.745742970373221,3.8189532006287985,0.92623220149901,0.8274796896249415,0.48507125007266594
Kimi-K2.5,ESFJ,1.1095564097560677,4.574818275005377,0.908495786999618,4.156203129131245,1.0080273237018094,0.4636769792661078,0.9817046696712167,0.522826945886074,2.391838266704859,0.5801059890010822,0.945828984518793,0.48507125007266594
Kimi-K2.5,ENFJ,1.1846700954017526,4.884519934851977,0.9198315789480085,4.492935684077918,1.089696964385882,0.464762047447284,1.0241499736779314,0.49065868362682197,2.3966321213834414,0.5812686695418856,1.0322644858505035,0.48507125007266594
Kimi-K2.5,ENTJ,1.149268218438261,4.73855425678638,0.8985788054347777,4.257964423550987,1.0327080628484078,0.5043128937873227,1.086594234346306,0.5904435894905999,2.797848984372912,0.6785780521821536,0.9275501415066081,0.48507125007266594
Kimi-K2.6,ISTJ,0.7733484918098338,3.188597517144059,0.8819895967330563,2.812309838289913,0.6820853244254725,0.3644550726604617,0.8779483739887933,0.5549675289298043,1.7695680848411475,0.4291833015012944,0.6433269646898019,0.48507125007266594
Kimi-K2.6,ISFJ,1.0061418814221816,4.148429251461335,0.8788712756406455,3.6459353081367913,0.884269198800992,0.47998903071176463,0.8615340152099181,0.5422257635167841,2.249385218268983,0.5455560498603561,0.8453934480539416,0.48507125007266594
Kimi-K2.6,INFJ,1.1497425966815429,4.7405101683899264,0.9160336681258233,4.342466918337989,1.0532029282387028,0.46116334478516274,0.9436223164440116,0.4283725901594272,2.030704619510295,0.4925182141570982,1.038909932259539,0.48507125007266594
Kimi-K2.6,INTJ,0.8002415862867993,3.2994805862723027,0.8044432643051463,2.654244933332349,0.6437489539052812,0.47536710105840196,0.7697482383927654,0.5429540038210731,1.791466194846448,0.43449437329854435,0.6720128242784642,0.48507125007266594
Kimi-K2.6,ISTP,0.7137917093716029,2.943038612429302,0.7842849123791927,2.308180780277696,0.5598160682415018,0.4428369610886844,0.7207213698798544,0.6821928691953116,2.0077199551657343,0.48694361422403976,0.5219047048399393,0.48507125007266594
Kimi-K2.6,ISFP,1.0610389047542477,4.37477547719144,0.9419857281718571,4.120976063470562,0.9994835053135998,0.35614081485857946,0.8798505854864187,0.3300555456082728,1.4439189070381127,0.3502017746202674,1.0015798892025083,0.48507125007266594
Kimi-K2.6,INFP,1.5111350205305114,6.230569304217211,0.9535545033451894,5.941187418440625,1.4409496039894945,0.45518489543949986,1.1558040456867689,0.4599154519473003,2.865535097438035,0.6949943459206831,1.3418315503117488,0.48507125007266594
Kimi-K2.6,INTP,0.7294997705418276,3.007804607807802,0.8351018187838952,2.511823098526876,0.6092065851819145,0.4012944701731759,0.7119633445395968,0.7025126183979246,2.1130206906604014,0.5124827939240244,0.5191640406965847,0.48507125007266594
Kimi-K2.6,ESTP,1.8672184519372863,7.6987389034397244,0.9431997565872736,7.261448659753322,1.7611599893625143,0.6203388099447792,1.443075179532158,0.7820636017087006,6.020903475438963,1.4602835876990186,1.1636479668490634,0.48507125007266594
Kimi-K2.6,ESFP,1.4496316280449488,5.976984320665417,0.9517269538178795,5.688457080524125,1.3796534935172724,0.4449585316114684,1.104058903405475,0.5514294063875294,3.2958849159321013,0.7993695081334139,1.2093139569585694,0.48507125007266594
Kimi-K2.6,ENFP,1.5978069110905686,6.5879266637683,0.9742704770147445,6.418422453247696,1.5566961014456635,0.3601168877915286,1.2373024487397122,0.7031329943564881,4.632188601696354,1.1234707577986025,1.1361339628319445,0.48507125007266594
Kimi-K2.6,ENTP,1.8107271568047605,7.465819326680379,0.9561691507409155,7.138586125177092,1.7313614477455204,0.5302078589108117,1.3925311554316833,0.8058282342831805,6.016168005496094,1.4591350675365837,1.0722209152386744,0.48507125007266594
Kimi-K2.6,ESTJ,1.2818091891754353,5.28503467885765,0.9015993483973311,4.764983822715355,1.155678329730284,0.5544748827912842,1.1140556970068387,0.6928027079043909,3.6614863368811927,0.8880408772774733,0.924347444275605,0.48507125007266594
Kimi-K2.6,ESFJ,1.2208300946578137,5.033611431206973,0.9130888769796345,4.596134608872625,1.114726380114044,0.4978064056438471,0.9753737160595529,0.6201216154140234,3.1214512520865627,0.7570631304452586,0.9577481592478431,0.48507125007266594
Kimi-K2.6,ENFJ,1.3148954348067272,5.4214527643505965,0.9443753856851123,5.119886545307213,1.2417548833811964,0.43242896997602215,1.0152515077680027,0.5571320910309784,3.020465315028326,0.7325704430809594,1.0919205787967086,0.48507125007266594
Kimi-K2.6,ENTJ,1.1866957338664954,4.892871856201426,0.8732225224539982,4.2725659043163855,1.0362494421122999,0.5783025665677853,1.0862651233102507,0.5459139058037431,2.6710867856161307,0.6478337030756978,0.9942626704931493,0.48507125007266594
MiniMax-M2.7,ISTJ,0.7987761431261822,3.2934384093327393,0.8304243766364711,2.7349515380607508,0.6633231807276444,0.44502324067052934,0.8789291176794548,0.3398955414129345,1.1194250312503051,0.2715004496356093,0.7512195635599496,0.48507125007266594
MiniMax-M2.7,ISFJ,0.9218878754991431,3.8010410856592305,0.8977034132030158,3.412207556321188,0.8275818924260577,0.40618403011544973,0.8649924180030193,0.393891720779675,1.4971986139845583,0.3631240016462763,0.847359554392773,0.48507125007266594
MiniMax-M2.7,INFJ,1.1965402441595752,4.933461811972274,0.8928651169236986,4.404915957585226,1.06834904500545,0.5388310253960872,0.9425977321557384,0.3356966712015436,1.656146707779028,0.40167457692305164,1.1271051814924566,0.48507125007266594
MiniMax-M2.7,INTJ,0.652805593920461,2.6915864167281307,0.7365322493262111,1.9824401977686468,0.4808123724629703,0.4415592892697148,0.7793991482203501,0.47621263171518413,1.2817674509989454,0.31087426987925654,0.5740316470203407,0.48507125007266594
MiniMax-M2.7,ISTP,0.7524919594525521,3.102603831250874,0.7143718766822351,2.2164129215321795,0.537559093262412,0.5265684858512089,0.7218442450259799,0.5834144810583121,1.8101040041387595,0.43901470602456305,0.6111548387560289,0.48507125007266594
MiniMax-M2.7,ISFP,1.0686941021630811,4.406338664693015,0.9594805799750228,4.227796377566022,1.0253912369593194,0.30113102657346863,0.8783932421883641,0.4856714126684774,2.140032723977189,0.5190341743080138,0.9341898147049948,0.48507125007266594
MiniMax-M2.7,INFP,1.4116641086881123,5.820440228014497,0.972655170042402,5.661281279701077,1.3730623936787918,0.32786463490786816,1.159936443001814,0.5774106685815722,3.360784283496929,0.815109916810212,1.152558622923733,0.48507125007266594
MiniMax-M2.7,INTP,0.8426197705600055,3.4742103162526212,0.8462539647353293,2.940064254453163,0.7130703216007782,0.4489307231530931,0.7057600029631886,0.6226652453530934,2.163270018977687,0.5246700461751131,0.6593401401289026,0.48507125007266594
MiniMax-M2.7,ESTP,1.2910962509412147,5.323326215469593,0.8977150161710274,4.77882987960394,1.1590364917920455,0.5688268101002693,1.4785627284046476,0.7680193765576655,4.088417681218034,0.9915869377238109,0.8268523895653777,0.48507125007266594
MiniMax-M2.7,ESFP,1.157948107235464,4.774342355115864,0.8895824005911535,4.2471709335079915,1.0300902569945065,0.5289214322516957,1.1245020782237298,0.5803628139962625,2.7708507641965863,0.6720300219768199,0.9429843416579241,0.48507125007266594
MiniMax-M2.7,ENFP,1.3598694010335333,5.60688517750668,0.9463819972944248,5.306255192889277,1.2869559198096885,0.4393054157805247,1.2530870967036514,0.6424339746294127,3.602053529876356,0.8736263042828915,1.0421237298576007,0.48507125007266594
MiniMax-M2.7,ENTP,1.3562503573082074,5.591963477963432,0.9109220273999414,5.093842708492877,1.2354383251410872,0.5595598059825468,1.4216660708532343,0.8188504119731094,4.578981597668938,1.1105661638205024,0.7784971595809795,0.48507125007266594
MiniMax-M2.7,ESTJ,0.7072056260424844,2.915883495204227,0.8419731176183137,2.455095517068888,0.5954481257562019,0.3815512115556295,1.1472473012512479,0.5562361226072191,1.6219197293467849,0.3933733153158825,0.5877050555368175,0.48507125007266594
MiniMax-M2.7,ESFJ,0.9918293148046852,4.089417027523707,0.8646009737202821,3.5357139439452987,0.8575365913444509,0.4983536738213849,0.9905016210690529,0.3661839630239038,1.4974789335960639,0.36319198913846273,0.9229393093435657,0.48507125007266594
MiniMax-M2.7,ENFJ,1.1291913636451587,4.655775263844231,0.8422348809950742,3.921256325283656,0.9510443537803457,0.608759207629205,1.032060223569251,0.33250116856673995,1.548050715812329,0.37545744794748587,1.0649435856004645,0.48507125007266594
MiniMax-M2.7,ENTJ,0.8825572964316603,3.6388769538472916,0.8099007438978093,2.947129151873516,0.714783810912441,0.5176789402151194,1.1052750625231929,0.4184168182484162,1.5225673170262726,0.36927681589485956,0.8015871847324628,0.48507125007266594
Qwen3-235B-A22B,ISTJ,1.6377000617091815,6.752410337507516,0.7679426819748405,5.18546410438016,1.2576597776593108,1.0489772999356042,0.8422659376686603,0.3946244164223138,2.6646659888829025,0.646276431126773,1.504788445826289,0.48507125007266594
Qwen3-235B-A22B,ISFJ,1.3445690973818674,5.543800409446837,0.6007571646777601,3.3304778155186874,0.8077595186564657,1.0748909794272925,0.8642811112530172,0.6083816974921172,3.3727467036567615,0.8180112298606244,1.0671099687736958,0.48507125007266594
Qwen3-235B-A22B,INFJ,1.1928052414642314,4.918062001347405,0.33178967430525225,1.6317621896400925,0.3957604625750151,1.1252368640988233,0.980481231058636,0.5560539180248918,2.734707644938565,0.663264027956813,0.9913955685209852,0.48507125007266594
Qwen3-235B-A22B,INTJ,1.5444071822408088,6.367753941341398,0.6649509231561884,4.23424386172642,1.0269549815600736,1.1534977288256547,0.7448369527150625,0.2851950301960846,1.8160517775820968,0.4404572529742174,1.4802671896854975,0.48507125007266594
Qwen3-235B-A22B,ISTP,1.2450621655005523,5.133522818819034,0.4899945808208539,2.515398361741521,0.6100737138803478,1.0853524126260392,0.7155076138427293,0.3303639540492732,1.6959308966272268,0.41132366003191306,1.1751564332712798,0.48507125007266594
Qwen3-235B-A22B,ISFP,0.9763436014683775,4.025567795750074,0.36531554006983735,1.4706024733921832,0.3566734900641504,0.9088623931122358,0.9163733011721721,0.43662156522589696,1.7576497119033614,0.4262926714714123,0.8783629012987788,0.48507125007266594
Qwen3-235B-A22B,INFP,1.0519540768999904,4.337317772357784,0.4561063432161135,1.978278148516368,0.4798029272461369,0.9361605262520681,1.2114084575340396,0.46343036021163875,2.01004473759611,0.4875074567838645,0.9321715826427233,0.48507125007266594
Qwen3-235B-A22B,INTP,1.171931967154317,4.831999286615136,0.438690896130095,2.1197540971451736,0.5141158848744324,1.0531426268829718,0.7153602341315036,0.177728835954325,0.858785608542237,0.208286104339999,1.1532742234078823,0.48507125007266594
Qwen3-235B-A22B,ESTP,1.5750594493258379,6.494136476197617,0.7436238301398,4.829194639880656,1.1712517404055638,1.053081967136248,1.4769654076665397,0.7142834788974073,4.638654394652983,1.125038942934694,1.1023155835744127,0.48507125007266594
Qwen3-235B-A22B,ESFP,1.2751140344785805,5.2574298488626665,0.5258532659223281,2.7646366563819647,0.6705228794539575,1.0845805037216074,1.1443435063830751,0.46603545869319674,2.4501487311620167,0.5942483539443579,1.1281775989438292,0.48507125007266594
Qwen3-235B-A22B,ENFP,1.0488928130693433,4.324695858236143,0.6230451825616983,2.694480920518558,0.6535076142064422,0.8204291142339625,1.2897234985475452,0.6891499639018027,2.9803639945897134,0.7228444442635982,0.7600473950391319,0.48507125007266594
Qwen3-235B-A22B,ENTP,1.3955644820008901,5.754059766650067,0.7027121986376218,4.04344798971495,0.9806801854874193,0.9929081514494549,1.435872738628349,0.6209973615793939,3.5732559334598344,0.8666418612364664,1.093861100768743,0.48507125007266594
Qwen3-235B-A22B,ESTJ,1.7444253518700996,7.192449981765675,0.7692639778315636,5.532892683327621,1.341923585209818,1.1145675841799587,1.1017310414109007,0.6111813833645119,4.395891529635604,1.066160299732093,1.3806962097153357,0.48507125007266594
Qwen3-235B-A22B,ESFJ,1.5034264298014894,6.198785970416796,0.570281687997154,3.5350541267423665,0.8573765621667281,1.2349884454815012,0.9883866933072629,0.6818466359103769,4.226621360657133,1.025106253498894,1.0997491526994299,0.48507125007266594
Qwen3-235B-A22B,ENFJ,1.3822951376965844,5.699348858500726,0.46244092728867886,2.6356121710667493,0.6392298452630406,1.2256121134456075,1.0486014343554604,0.55004197633212,3.134881109935952,0.7603203494129094,1.1544058272411184,0.48507125007266594
Qwen3-235B-A22B,ENTJ,1.6109168288471296,6.641980239421762,0.730299598933803,4.8506355049759575,1.1764519140227725,1.1004607777903976,1.0766952015448914,0.38365032128149695,2.548197852799513,0.6180287589449714,1.4876469616746542,0.48507125007266594
Qwen3.5-122B-A10B,ISTJ,0.735810283914414,3.0338235209948485,0.9034715593736438,2.740973267377654,0.6647836646113191,0.3154036353312304,0.8790289608883434,0.5969154387995683,1.8109360982750915,0.4392165184960074,0.5903436488982133,0.48507125007266594
Qwen3.5-122B-A10B,ISFJ,0.8529042553654385,3.516614333410481,0.8701813303847546,3.0600921390972298,0.7421813596247158,0.42025289796274024,0.8699939619086329,0.2675633869283245,0.9409172415680005,0.2282059512911573,0.8218075885605893,0.48507125007266594
Qwen3.5-122B-A10B,INFJ,1.0908015260787787,4.497489908607742,0.8943324299811106,4.022251078780685,0.975539179445138,0.4880279486497668,0.9481468988677388,0.34400459526649574,1.547157195725755,0.37524073749480613,1.0242276886611428,0.48507125007266594
Qwen3.5-122B-A10B,INTJ,0.8998498651465472,3.710176041197022,0.8602921075904842,3.1918351660131052,0.7741337370019361,0.4587447406125507,0.7621118073929392,0.5413945703520359,2.008669163754279,0.4871738311223523,0.7565655543796777,0.48507125007266594
Qwen3.5-122B-A10B,ISTP,0.9104186161164535,3.7537521177767945,0.8668594030174822,3.2539753198916017,0.7892049380627112,0.4538916415939277,0.7072051499372269,0.66121320240659,2.4820304588357134,0.601980808692936,0.6829942624479337,0.48507125007266594
Qwen3.5-122B-A10B,ISFP,0.9349588064900439,3.854933914759874,0.8582116393768889,3.3083491546756396,0.8023925300676801,0.4799106140989951,0.8912534228626422,0.29781830158748934,1.148069871225797,0.278447843803131,0.8925327826554466,0.48507125007266594
Qwen3.5-122B-A10B,INFP,1.3006530336228714,5.3627298399071375,0.9595825271085396,5.1459818519784655,1.2480839248952234,0.3660393835238397,1.1672511785841073,0.44703497372778644,2.3973277930921038,0.5814373947145661,1.163455572808827,0.48507125007266594
Qwen3.5-122B-A10B,INTP,0.9156244530153795,3.7752163331808046,0.8301794349814495,3.13410696241278,0.7601325910595066,0.5104572293237444,0.7028550382036997,0.7106407990495707,2.682822751596597,0.6506800929201754,0.6441921729089114,0.48507125007266594
Qwen3.5-122B-A10B,ESTP,1.5225620968483022,6.277684346867456,0.9414718479156169,5.910263082676247,1.4334493508860475,0.5132429222146835,1.4624880698174878,0.7757480538666968,4.869901414871855,1.1811245835212676,0.9608017781836227,0.48507125007266594
Qwen3.5-122B-A10B,ESFP,1.3581987672587934,5.599996977991703,0.9486436121609512,5.312401361292459,1.2884465846049329,0.42966183214615394,1.1094435450884002,0.49651452585288686,2.7804798443051495,0.6743654169394753,1.1789551203584272,0.48507125007266594
Qwen3.5-122B-A10B,ENFP,1.4637055972367372,6.0350127822148485,0.962807835795968,5.810557595845282,1.4092672183179475,0.39547437686473086,1.2459399533238498,0.7318323232181547,4.4166174250595525,1.071187067733178,0.9974930281978661,0.48507125007266594
Qwen3.5-122B-A10B,ENTP,1.7008641527470105,7.012842556602615,0.9681752629303053,6.789660686127571,1.6467345982945678,0.4256806653812617,1.3976248784056862,0.8793469192460304,6.166721497305964,1.4956496527740932,0.8099203555020335,0.48507125007266594
Qwen3.5-122B-A10B,ESTJ,1.135885438688385,4.683375642313265,0.8978928422951057,4.205169467012324,1.0199034050655371,0.5000327730859526,1.1221264826488029,0.6429245160608973,3.0110570183656495,0.7302885959693499,0.8700082162953522,0.48507125007266594
Qwen3.5-122B-A10B,ESFJ,1.0460173428788868,4.312839990917576,0.8821658469863898,3.804640143504577,0.9227607752432062,0.49261022449393393,0.9866743639752222,0.553667014906086,2.3878772435389255,0.5791452997717492,0.8710585533451225,0.48507125007266594
Qwen3.5-122B-A10B,ENFJ,1.1735579522635171,4.838703394966049,0.9351166355350845,4.524752039052843,1.0974135639261033,0.4158385949283056,1.023764545873508,0.6291095593435188,3.0440745606010795,0.7382965262125835,0.9122261269572206,0.48507125007266594
Qwen3.5-122B-A10B,ENTJ,1.2061287849679636,4.972996378520804,0.9137600312735842,4.544125326360591,1.1021122762722966,0.48999507795302716,1.0825331006373293,0.5546045352282524,2.758046345201313,0.6689244942125743,1.003636720616951,0.48507125007266594
Qwen3.5-397B-A17B,ISTJ,0.8290278420425573,3.418169359319337,0.8950647169680926,3.059482790148169,0.7420335707964901,0.36969357945838,0.8744147590404975,0.5837664637229424,1.9954126392959652,0.48395865167704577,0.6731056279282437,0.48507125007266594
Qwen3.5-397B-A17B,ISFJ,0.9150960761948377,3.7730377797395827,0.8972354734473038,3.3853033386392086,0.8210566611744452,0.4040628513093729,0.8653795095652727,0.3391087976185584,1.279470304856885,0.3103171301038921,0.8608740369132247,0.48507125007266594
Qwen3.5-397B-A17B,INFJ,1.1454019134142828,4.7226130727916615,0.897512236918944,4.238603023063892,1.0280122334796915,0.5051102761468989,0.9450310582669711,0.32759138243735697,1.5470873452325549,0.37522379626177876,1.0821980622658678,0.48507125007266594
Qwen3.5-397B-A17B,INTJ,0.9487897382049083,3.9119603071209648,0.8344067107934229,3.2641659326192327,0.7916765246901103,0.5229247054572269,0.7609449045882023,0.6063169920445268,2.371888006411167,0.5752673401511141,0.7544994729477289,0.48507125007266594
Qwen3.5-397B-A17B,ISTP,1.0044349071373304,4.1413912161846795,0.8626489380973633,3.5725667348874617,0.8664747060299418,0.5080463231697515,0.7025402692119801,0.7602221085120485,3.148377162541194,0.7635936229670449,0.6525444518498644,0.48507125007266594
Qwen3.5-397B-A17B,ISFP,1.1635767196973343,4.797549718821823,0.9417741014091693,4.518208075409235,1.0958264196135858,0.39124831079313055,0.874134990455929,0.30895852736425916,1.4822438960840059,0.3594969497930237,1.106649323729573,0.48507125007266594
Qwen3.5-397B-A17B,INFP,1.4903604588999992,6.144913592288705,0.9386992796709737,5.7682259627217825,1.399000289219531,0.5137825300808556,1.15819246514699,0.507805543237626,3.120421184880437,0.7568133024515915,1.2839033930498558,0.48507125007266594
Qwen3.5-397B-A17B,INTP,1.0471297697477286,4.317426644398585,0.8407233849544692,3.629761542771394,0.8803464845089043,0.566983969707032,0.6956426682866054,0.739194968457011,3.1914200522216714,0.7740330571190694,0.7052329977949405,0.48507125007266594
Qwen3.5-397B-A17B,ESTP,1.6489898247230859,6.7989592229020355,0.9663783339720289,6.570366886571829,1.5935480395527237,0.42399538638756956,1.4531640552636058,0.8065453585554224,5.483669004239219,1.3299850894355245,0.9748369627375918,0.48507125007266594
Qwen3.5-397B-A17B,ESFP,1.267820870875263,5.227359364981278,0.9381360686379395,4.903974364021252,1.1893884875400478,0.43900431243224397,1.1152586456091333,0.5428435918661968,2.8376385336618384,0.6882284353888574,1.06475883717822,0.48507125007266594
Qwen3.5-397B-A17B,ENFP,1.4795581372940019,6.1003744793052865,0.9644455209792622,5.883478842862182,1.4269532185416203,0.3910201960597528,1.2449041613996483,0.6752476644407551,4.119263619364882,0.9990681766120889,1.091308874752649,0.48507125007266594
Qwen3.5-397B-A17B,ENTP,1.754703647926879,7.234828482059146,0.9675761508094329,7.00024749443724,1.69780940147236,0.4432021303197489,1.394602853879247,0.8359720542044563,6.048114427963893,1.4668832130774863,0.9629322568277411,0.48507125007266594
Qwen3.5-397B-A17B,ESTJ,1.1275548319682682,4.649027670880742,0.9479821601740516,4.4071952941504655,1.0689018653239686,0.3589271533360634,1.1194215963122596,0.7455810679875914,3.466227015959128,0.8406835358334704,0.7514193846804348,0.48507125007266594
Qwen3.5-397B-A17B,ESFJ,1.0415724444618666,4.294513205249061,0.9380778222152474,4.028587595054661,0.9770760103801995,0.3608263114045045,0.9836662612438598,0.5359992695524962,2.301855941097046,0.5582820694175684,0.8793146695177475,0.48507125007266594
Qwen3.5-397B-A17B,ENFJ,1.255827357134891,5.177908841007428,0.9388354946724565,4.861204608116094,1.179015298058939,0.4324641925886999,1.0189420231810753,0.4194807279781756,2.1720329700304273,0.5267953739858524,1.1399951687948116,0.48507125007266594
Qwen3.5-397B-A17B,ENTJ,1.233775825838791,5.086988048266994,0.9479466969667036,4.822193517863795,1.1695537189012488,0.39287006379775136,1.0786952491243598,0.5332725428764801,2.712751052081602,0.6579387719845812,1.0437046329032038,0.48507125007266594
