model,persona,condition,acquiescence,extreme_response,midpoint_response,item_variance,binary_agree_rate
Claude-Opus-4.6,Default,Default,0.7111493758071457,0.3877551020408163,0.10884353741496598,1.9223744292237426,0.44594594594594594
Claude-Opus-4.6,ISTJ,MBTI,-0.04799827808867807,0.2925170068027211,0.20408163265306123,1.6103811387568743,0.36486486486486486
Claude-Opus-4.6,ISFJ,MBTI,0.5594059405940595,0.30612244897959184,0.14285714285714285,1.7742055726400145,0.527027027027027
Claude-Opus-4.6,INFJ,MBTI,1.0083943176926389,0.3197278911564626,0.14965986394557823,1.8172584102134,0.5405405405405406
Claude-Opus-4.6,INTJ,MBTI,0.11235471373224248,0.25170068027210885,0.14285714285714285,1.589320659770755,0.35135135135135137
Claude-Opus-4.6,ISTP,MBTI,-0.41175204476969407,0.027210884353741496,0.3197278911564626,0.7194110520920702,0.4189189189189189
Claude-Opus-4.6,ISFP,MBTI,0.4487731381833835,0.16326530612244897,0.272108843537415,1.2222532848755954,0.6216216216216216
Claude-Opus-4.6,INFP,MBTI,0.8639690055962119,0.2585034013605442,0.16326530612244897,1.6128040257198755,0.6351351351351351
Claude-Opus-4.6,INTP,MBTI,-0.1231166594920361,0.10884353741496598,0.22448979591836735,1.0423073338924618,0.3918918918918919
Claude-Opus-4.6,ESTP,MBTI,0.37795953508394353,0.1836734693877551,0.25170068027210885,1.2913987512813363,0.5405405405405406
Claude-Opus-4.6,ESFP,MBTI,0.9255273353422298,0.25170068027210885,0.17687074829931973,1.5882955922094868,0.5675675675675675
Claude-Opus-4.6,ENFP,MBTI,1.4182092122255705,0.3401360544217687,0.12244897959183673,1.8818376665734786,0.6756756756756757
Claude-Opus-4.6,ENTP,MBTI,0.7378390012914333,0.19727891156462585,0.1836734693877551,1.4043425589413852,0.527027027027027
Claude-Opus-4.6,ESTJ,MBTI,0.2253551442100732,0.2789115646258503,0.1360544217687075,1.710651383841205,0.3783783783783784
Claude-Opus-4.6,ESFJ,MBTI,0.9492036160137749,0.3129251700680272,0.11564625850340136,1.8356164383561644,0.4864864864864865
Claude-Opus-4.6,ENFJ,MBTI,1.459535083943177,0.3333333333333333,0.09523809523809523,1.9131488211723033,0.5945945945945946
Claude-Opus-4.6,ENTJ,MBTI,0.725785622040465,0.3197278911564626,0.1292517006802721,1.8420464076041392,0.4189189189189189
Claude-Sonnet-4.6,Default,Default,0.6200000000000001,0.2653061224489796,0.2789115646258503,1.1977326405290512,0.2972972972972973
Claude-Sonnet-4.6,ISTJ,MBTI,-0.0957813172621611,0.36054421768707484,0.17687074829931973,1.7269592768614273,0.2702702702702703
Claude-Sonnet-4.6,ISFJ,MBTI,0.3869995695221693,0.3469387755102041,0.14965986394557823,1.8139036436492395,0.3108108108108108
Claude-Sonnet-4.6,INFJ,MBTI,0.9427464485578994,0.38095238095238093,0.19047619047619047,1.8948839809896556,0.33783783783783783
Claude-Sonnet-4.6,INTJ,MBTI,0.3058544984933276,0.32653061224489793,0.1360544217687075,1.7442922374429226,0.25675675675675674
Claude-Sonnet-4.6,ISTP,MBTI,-0.2778734395178648,0.14285714285714285,0.29931972789115646,0.867859472556145,0.2702702702702703
Claude-Sonnet-4.6,ISFP,MBTI,0.23267326732673288,0.22448979591836735,0.19047619047619047,1.376665734787067,0.3783783783783784
Claude-Sonnet-4.6,INFP,MBTI,0.837925096857512,0.29931972789115646,0.1564625850340136,1.6788742894418067,0.4594594594594595
Claude-Sonnet-4.6,INTP,MBTI,-0.044554455445544594,0.19727891156462585,0.19047619047619047,1.127481129438077,0.24324324324324326
Claude-Sonnet-4.6,ESTP,MBTI,0.7238484718037017,0.2789115646258503,0.19047619047619047,1.6558568632932607,0.5405405405405406
Claude-Sonnet-4.6,ESFP,MBTI,1.1310804993542831,0.4013605442176871,0.12244897959183673,2.0951449072779784,0.5540540540540541
Claude-Sonnet-4.6,ENFP,MBTI,1.4218682737839,0.41496598639455784,0.08843537414965986,2.170813530891812,0.5945945945945946
Claude-Sonnet-4.6,ENTP,MBTI,0.8166164442531212,0.19047619047619047,0.17687074829931973,1.4018264840182657,0.527027027027027
Claude-Sonnet-4.6,ESTJ,MBTI,0.3891519586741281,0.35374149659863946,0.1360544217687075,1.893579349548038,0.32432432432432434
Claude-Sonnet-4.6,ESFJ,MBTI,1.0835126990959965,0.38095238095238093,0.14285714285714285,2.0069890970086655,0.35135135135135137
Claude-Sonnet-4.6,ENFJ,MBTI,1.4573826947912183,0.40816326530612246,0.08163265306122448,2.1571149007548227,0.44594594594594594
Claude-Sonnet-4.6,ENTJ,MBTI,0.9291863969005596,0.36054421768707484,0.09523809523809523,1.9849035504612806,0.36486486486486486
DeepSeek-V3.2,Default,Default,0.7640981489453296,0.1564625850340136,0.272108843537415,1.0487373031404346,0.44594594594594594
DeepSeek-V3.2,ISTJ,MBTI,-0.14464055101162288,0.32653061224489793,0.09523809523809523,1.8767123287671237,0.2702702702702703
DeepSeek-V3.2,ISFJ,MBTI,0.48062849763237203,0.2585034013605442,0.04081632653061224,1.7442922374429248,0.32432432432432434
DeepSeek-V3.2,INFJ,MBTI,1.0368058544984935,0.24489795918367346,0.061224489795918366,1.5947255614574576,0.4864864864864865
DeepSeek-V3.2,INTJ,MBTI,0.38161859664227293,0.30612244897959184,0.061224489795918366,1.869443667878112,0.35135135135135137
DeepSeek-V3.2,ISTP,MBTI,-0.34050796383986226,0.08843537414965986,0.24489795918367346,0.9908675799086756,0.3783783783783784
DeepSeek-V3.2,ISFP,MBTI,0.32630219543693517,0.14285714285714285,0.14285714285714285,1.294473953965147,0.44594594594594594
DeepSeek-V3.2,INFP,MBTI,1.1015927679724493,0.23809523809523808,0.10204081632653061,1.619513558848201,0.6351351351351351
DeepSeek-V3.2,INTP,MBTI,-0.00043047783039185106,0.1292517006802721,0.21768707482993196,1.1303699562016594,0.33783783783783783
DeepSeek-V3.2,ESTP,MBTI,0.21653034868704246,0.3129251700680272,0.04081632653061224,1.6626595843817014,0.527027027027027
DeepSeek-V3.2,ESFP,MBTI,1.0191562634524325,0.32653061224489793,0.027210884353741496,1.8248066349827627,0.527027027027027
DeepSeek-V3.2,ENFP,MBTI,1.4149806284976325,0.3877551020408163,0.07482993197278912,1.8119466964868118,0.6351351351351351
DeepSeek-V3.2,ENTP,MBTI,0.8037021093413692,0.25170068027210885,0.09523809523809523,1.4921256173702364,0.5405405405405406
DeepSeek-V3.2,ESTJ,MBTI,0.2673267326732671,0.40816326530612246,0.027210884353741496,2.1783617556611685,0.36486486486486486
DeepSeek-V3.2,ESFJ,MBTI,1.1020232458028412,0.35374149659863946,0.04081632653061224,1.9559220948653409,0.3918918918918919
DeepSeek-V3.2,ENFJ,MBTI,1.6162290142057683,0.35374149659863946,0.06802721088435375,1.9124965054514946,0.527027027027027
DeepSeek-V3.2,ENTJ,MBTI,0.7341799397331039,0.43537414965986393,0.04081632653061224,2.209952474140338,0.40540540540540543
DeepSeek-V4-Flash,Default,Default,1.1003013344812742,0.5102040816326531,0.12244897959183673,2.25691920603858,0.5405405405405406
DeepSeek-V4-Flash,ISTJ,MBTI,-0.16250538097288025,0.4013605442176871,0.04081632653061224,2.1465846612617665,0.28378378378378377
DeepSeek-V4-Flash,ISFJ,MBTI,0.5615583297460183,0.38095238095238093,0.047619047619047616,2.1088435374149666,0.3108108108108108
DeepSeek-V4-Flash,INFJ,MBTI,1.057899268187688,0.5034013605442177,0.05442176870748299,2.4714378902245784,0.4189189189189189
DeepSeek-V4-Flash,INTJ,MBTI,0.11063280241067597,0.43537414965986393,0.006802721088435374,2.312086478426988,0.2972972972972973
DeepSeek-V4-Flash,ISTP,MBTI,-0.4175634954799827,0.17687074829931973,0.14965986394557823,1.3657627434535429,0.3783783783783784
DeepSeek-V4-Flash,ISFP,MBTI,0.35213086526043913,0.32653061224489793,0.1292517006802721,1.8583543006243584,0.5135135135135135
DeepSeek-V4-Flash,INFP,MBTI,0.9808437365475675,0.46258503401360546,0.047619047619047616,2.356164383561644,0.5405405405405406
DeepSeek-V4-Flash,INTP,MBTI,-0.1547567800258287,0.23129251700680273,0.11564625850340136,1.5217593886869822,0.24324324324324326
DeepSeek-V4-Flash,ESTP,MBTI,0.4834266035299182,0.5170068027210885,0.047619047619047616,2.3050973814183218,0.5135135135135135
DeepSeek-V4-Flash,ESFP,MBTI,1.1080499354283257,0.5850340136054422,0.006802721088435374,2.6597707576181167,0.527027027027027
DeepSeek-V4-Flash,ENFP,MBTI,1.4384416702539817,0.6326530612244898,0.006802721088435374,2.7487652595284704,0.5405405405405406
DeepSeek-V4-Flash,ENTP,MBTI,0.6730520878174775,0.46938775510204084,0.08163265306122448,2.2164756313484295,0.47297297297297297
DeepSeek-V4-Flash,ESTJ,MBTI,0.07124408092983225,0.5714285714285714,0.034013605442176874,2.6978846333053776,0.36486486486486486
DeepSeek-V4-Flash,ESFJ,MBTI,1.1157985363753768,0.5306122448979592,0.034013605442176874,2.5149566675985446,0.3108108108108108
DeepSeek-V4-Flash,ENFJ,MBTI,1.772277227722772,0.564625850340136,0.013605442176870748,2.650917901407135,0.44594594594594594
DeepSeek-V4-Flash,ENTJ,MBTI,0.4233749461902714,0.7142857142857143,0.027210884353741496,3.127853881278547,0.3918918918918919
DeepSeek-V4-Pro,Default,Default,0.6762806715454155,0.19727891156462585,0.20408163265306123,1.3970738980523716,0.5
DeepSeek-V4-Pro,ISTJ,MBTI,-0.1767111493758069,0.3741496598639456,0.14285714285714285,1.862268194949214,0.21621621621621623
DeepSeek-V4-Pro,ISFJ,MBTI,0.5335772707705555,0.36054421768707484,0.1360544217687075,1.9274065790699828,0.24324324324324326
DeepSeek-V4-Pro,INFJ,MBTI,0.9866551872578566,0.3469387755102041,0.1292517006802721,1.9208834218618986,0.33783783783783783
DeepSeek-V4-Pro,INTJ,MBTI,0.32608695652173925,0.3945578231292517,0.09523809523809523,2.092256080514396,0.21621621621621623
DeepSeek-V4-Pro,ISTP,MBTI,-0.06392595781317256,0.08163265306122448,0.22448979591836735,0.9200447302208558,0.33783783783783783
DeepSeek-V4-Pro,ISFP,MBTI,0.5198019801980198,0.2108843537414966,0.19727891156462585,1.4246575342465757,0.3918918918918919
DeepSeek-V4-Pro,INFP,MBTI,0.8697804563065001,0.30612244897959184,0.16326530612244897,1.7402851551579528,0.4189189189189189
DeepSeek-V4-Pro,INTP,MBTI,-0.0777012483857078,0.1360544217687075,0.21768707482993196,1.1124778678594722,0.22972972972972974
DeepSeek-V4-Pro,ESTP,MBTI,0.5443392165303487,0.24489795918367346,0.09523809523809523,1.5798154878389703,0.44594594594594594
DeepSeek-V4-Pro,ESFP,MBTI,1.0228153250107619,0.38095238095238093,0.08163265306122448,2.0246016214705054,0.4189189189189189
DeepSeek-V4-Pro,ENFP,MBTI,1.426388291003013,0.40816326530612246,0.04081632653061224,2.104277327369303,0.527027027027027
DeepSeek-V4-Pro,ENTP,MBTI,0.749892380542402,0.16326530612244897,0.12244897959183673,1.3319355139315998,0.3783783783783784
DeepSeek-V4-Pro,ESTJ,MBTI,0.3674128282393454,0.4489795918367347,0.08843537414965986,2.2320380206877264,0.25675675675675674
DeepSeek-V4-Pro,ESFJ,MBTI,0.9214377959535085,0.3469387755102041,0.09523809523809523,1.9572267263069587,0.36486486486486486
DeepSeek-V4-Pro,ENFJ,MBTI,1.3921653034868702,0.36054421768707484,0.10884353741496598,1.9863013698630136,0.3918918918918919
DeepSeek-V4-Pro,ENTJ,MBTI,0.6229014205768406,0.4897959183673469,0.05442176870748299,2.4314602553350113,0.3108108108108108
GLM-4.6V,Default,Default,0.7272922944468361,0.35374149659863946,0.2653061224489796,1.760506942503027,0.16216216216216217
GLM-4.6V,ISTJ,MBTI,-0.47761515281962996,0.54421768707483,0.027210884353741496,2.34703196347032,0.2702702702702703
GLM-4.6V,ISFJ,MBTI,0.40271201033146786,0.5238095238095238,0.04081632653061224,2.4219550834032235,0.22972972972972974
GLM-4.6V,INFJ,MBTI,1.124838570813603,0.4897959183673469,0.04081632653061224,2.411238467989937,0.35135135135135137
GLM-4.6V,INTJ,MBTI,0.03702109341368942,0.5850340136054422,0.04081632653061224,2.6545522318516426,0.2972972972972973
GLM-4.6V,ISTP,MBTI,-0.3095135600516574,0.30612244897959184,0.09523809523809523,1.566489609542446,0.32432432432432434
GLM-4.6V,ISFP,MBTI,0.5055962117950923,0.38095238095238093,0.08843537414965986,1.9611406206318143,0.44594594594594594
GLM-4.6V,INFP,MBTI,1.0811450710288422,0.4489795918367347,0.04081632653061224,2.243593327742054,0.44594594594594594
GLM-4.6V,INTP,MBTI,-0.17326732673267342,0.4013605442176871,0.07482993197278912,1.7579908675799076,0.2702702702702703
GLM-4.6V,ESTP,MBTI,0.5262591476538958,0.46938775510204084,0.04081632653061224,2.368465194296894,0.5135135135135135
GLM-4.6V,ESFP,MBTI,1.1547567800258287,0.5850340136054422,0.02040816326530612,2.7504426428105497,0.47297297297297297
GLM-4.6V,ENFP,MBTI,1.6295738269479123,0.6258503401360545,0.006802721088435374,2.8874289441804155,0.5
GLM-4.6V,ENTP,MBTI,0.886353852776582,0.5102040816326531,0.027210884353741496,2.4728357096263145,0.47297297297297297
GLM-4.6V,ESTJ,MBTI,-0.31683168316831667,0.5850340136054422,0.006802721088435374,2.7194110520920662,0.32432432432432434
GLM-4.6V,ESFJ,MBTI,1.1407662505380975,0.6462585034013606,0.034013605442176874,2.9078371074457134,0.33783783783783783
GLM-4.6V,ENFJ,MBTI,1.706198880757641,0.6054421768707483,0.02040816326530612,2.7758829559220954,0.43243243243243246
GLM-4.6V,ENTJ,MBTI,0.5357296599225139,0.5782312925170068,0.02040816326530612,2.7250023296990067,0.3783783783783784
GPT-5.5,Default,Default,0.34330606973740885,0.38095238095238093,0.3197278911564626,1.6788742894418052,0.10810810810810811
GPT-5.5,ISTJ,MBTI,-0.07748600947051232,0.3129251700680272,0.05442176870748299,1.8632932625104812,0.2972972972972973
GPT-5.5,ISFJ,MBTI,0.5673697804563065,0.3469387755102041,0.047619047619047616,1.9989749324387307,0.40540540540540543
GPT-5.5,INFJ,MBTI,1.1844597503228584,0.3877551020408163,0.047619047619047616,2.128972136799922,0.47297297297297297
GPT-5.5,INTJ,MBTI,0.2963839862247095,0.2789115646258503,0.08163265306122448,1.7520268381325175,0.28378378378378377
GPT-5.5,ISTP,MBTI,-0.16250538097288025,0.02040816326530612,0.21768707482993196,0.817817537974093,0.3783783783783784
GPT-5.5,ISFP,MBTI,0.600947051226862,0.23809523809523808,0.10884353741496598,1.6045102972695946,0.4864864864864865
GPT-5.5,INFP,MBTI,0.9965561773568661,0.2925170068027211,0.10884353741496598,1.7778399030845182,0.527027027027027
GPT-5.5,INTP,MBTI,-0.0163581575548859,0.1564625850340136,0.12244897959183673,1.281614015469203,0.2972972972972973
GPT-5.5,ESTP,MBTI,0.6945759793370643,0.2585034013605442,0.04081632653061224,1.6894977168949785,0.5135135135135135
GPT-5.5,ESFP,MBTI,1.0503659061558328,0.3401360544217687,0.027210884353741496,1.9822010996179271,0.4864864864864865
GPT-5.5,ENFP,MBTI,1.366767111493758,0.3945578231292517,0.027210884353741496,2.146584661261763,0.5135135135135135
GPT-5.5,ENTP,MBTI,0.9575979337064142,0.23129251700680273,0.034013605442176874,1.6108470785574514,0.47297297297297297
GPT-5.5,ESTJ,MBTI,0.39173482565647877,0.3673469387755102,0.047619047619047616,2.059360730593611,0.3108108108108108
GPT-5.5,ESFJ,MBTI,1.105682307361171,0.40816326530612246,0.05442176870748299,2.1681110800484555,0.3918918918918919
GPT-5.5,ENFJ,MBTI,1.5802841153680585,0.43537414965986393,0.0,2.3050973814183178,0.5135135135135135
GPT-5.5,ENTJ,MBTI,0.8999139044339217,0.38095238095238093,0.04081632653061224,2.110800484577392,0.36486486486486486
GPT_5.2,Default,Default,0.6820921222557041,0.12244897959183673,0.6394557823129252,0.7272388407417756,0.02702702702702703
GPT_5.2,ISTJ,MBTI,0.10826517434352123,0.3945578231292517,0.04081632653061224,2.093747087876246,0.28378378378378377
GPT_5.2,ISFJ,MBTI,0.608910891089109,0.41496598639455784,0.027210884353741496,2.2261671792004454,0.36486486486486486
GPT_5.2,INFJ,MBTI,1.049935428325441,0.4421768707482993,0.047619047619047616,2.2907464355605267,0.40540540540540543
GPT_5.2,INTJ,MBTI,0.525613430908308,0.3741496598639456,0.04081632653061224,2.0539558289069033,0.2702702702702703
GPT_5.2,ISTP,MBTI,-0.0064571674558759895,0.12244897959183673,0.12244897959183673,1.1825552138663682,0.40540540540540543
GPT_5.2,ISFP,MBTI,0.5021523891519588,0.2857142857142857,0.1292517006802721,1.7350666293914818,0.5540540540540541
GPT_5.2,INFP,MBTI,0.9765389582436508,0.35374149659863946,0.1292517006802721,1.9137079489329958,0.527027027027027
GPT_5.2,INTP,MBTI,-0.006672406371071915,0.21768707482993196,0.1360544217687075,1.386450470599201,0.2972972972972973
GPT_5.2,ESTP,MBTI,0.7160998708566506,0.35374149659863946,0.034013605442176874,2.0259994408722384,0.5135135135135135
GPT_5.2,ESFP,MBTI,1.2221265604821352,0.4217687074829932,0.07482993197278912,2.205293076134564,0.527027027027027
GPT_5.2,ENFP,MBTI,1.5563925957813174,0.48299319727891155,0.034013605442176874,2.4292237442922393,0.5675675675675675
GPT_5.2,ENTP,MBTI,0.913689195006457,0.2857142857142857,0.047619047619047616,1.820240424937095,0.4594594594594595
GPT_5.2,ESTJ,MBTI,0.5594059405940595,0.47619047619047616,0.04081632653061224,2.390643928804399,0.2972972972972973
GPT_5.2,ESFJ,MBTI,1.1431338786052518,0.46938775510204084,0.027210884353741496,2.3926008759668234,0.4189189189189189
GPT_5.2,ENFJ,MBTI,1.6237623762376239,0.46938775510204084,0.006802721088435374,2.4043425589413836,0.5135135135135135
GPT_5.2,ENTJ,MBTI,0.862031855359449,0.5034013605442177,0.034013605442176874,2.4864411518031853,0.32432432432432434
Gemini-3-Flash-Preview,Default,Default,0.22304347826086968,0.48299319727891155,0.4421768707482993,1.9593764761454866,0.14864864864864866
Gemini-3-Flash-Preview,ISTJ,MBTI,-0.3250107619457596,0.48299319727891155,0.05442176870748299,2.2849687820333617,0.2972972972972973
Gemini-3-Flash-Preview,ISFJ,MBTI,0.3258717176065433,0.43537414965986393,0.027210884353741496,2.249743733109681,0.3783783783783784
Gemini-3-Flash-Preview,INFJ,MBTI,1.0714593198450282,0.46258503401360546,0.02040816326530612,2.352064113316558,0.43243243243243246
Gemini-3-Flash-Preview,INTJ,MBTI,0.11429186396900537,0.4965986394557823,0.013605442176870748,2.451216102879508,0.3108108108108108
Gemini-3-Flash-Preview,ISTP,MBTI,-0.5010761945759792,0.17006802721088435,0.07482993197278912,1.293821638244338,0.40540540540540543
Gemini-3-Flash-Preview,ISFP,MBTI,0.43650452001721884,0.2925170068027211,0.047619047619047616,1.771596309756778,0.527027027027027
Gemini-3-Flash-Preview,INFP,MBTI,0.847826086956522,0.40816326530612246,0.027210884353741496,2.141459323455407,0.5
Gemini-3-Flash-Preview,INTP,MBTI,-0.2817477399913906,0.3129251700680272,0.047619047619047616,1.6757990867579893,0.2972972972972973
Gemini-3-Flash-Preview,ESTP,MBTI,0.43715023676280707,0.46938775510204084,0.034013605442176874,2.3866368465194316,0.4864864864864865
Gemini-3-Flash-Preview,ESFP,MBTI,1.1289281102023248,0.5170068027210885,0.013605442176870748,2.5413288603112503,0.5135135135135135
Gemini-3-Flash-Preview,ENFP,MBTI,1.4436074042186826,0.5578231292517006,0.006802721088435374,2.6847451309290826,0.5135135135135135
Gemini-3-Flash-Preview,ENTP,MBTI,0.7298751614291863,0.4489795918367347,0.05442176870748299,2.300344795452432,0.5
Gemini-3-Flash-Preview,ESTJ,MBTI,0.02927249246663788,0.5306122448979592,0.0,2.570403503867301,0.32432432432432434
Gemini-3-Flash-Preview,ESFJ,MBTI,1.024321997417133,0.5034013605442177,0.006802721088435374,2.5203615692852503,0.35135135135135137
Gemini-3-Flash-Preview,ENFJ,MBTI,1.585880327163151,0.5918367346938775,0.013605442176870748,2.7791445345261407,0.3918918918918919
Gemini-3-Flash-Preview,ENTJ,MBTI,0.6328024106758505,0.5510204081632653,0.013605442176870748,2.6575342465753424,0.3783783783783784
Gemini-3.1-Flash-Lite,Default,Default,0.8238686779059448,0.23809523809523808,0.6938775510204082,1.0170454545454553,0.16216216216216217
Gemini-3.1-Flash-Lite,ISTJ,MBTI,-0.21416272061988817,0.4965986394557823,0.09523809523809523,2.320752958717734,0.28378378378378377
Gemini-3.1-Flash-Lite,ISFJ,MBTI,0.4466207490314247,0.46258503401360546,0.047619047619047616,2.33361289721368,0.3108108108108108
Gemini-3.1-Flash-Lite,INFJ,MBTI,1.0794231597072752,0.4421768707482993,0.06802721088435375,2.2514211163917617,0.43243243243243246
Gemini-3.1-Flash-Lite,INTJ,MBTI,0.0490744726646577,0.5306122448979592,0.06802721088435375,2.5071288789488415,0.32432432432432434
Gemini-3.1-Flash-Lite,ISTP,MBTI,-0.3325441239776148,0.17687074829931973,0.19727891156462585,1.3156276209113777,0.3783783783783784
Gemini-3.1-Flash-Lite,ISFP,MBTI,0.32608695652173925,0.29931972789115646,0.1360544217687075,1.7634889572267247,0.47297297297297297
Gemini-3.1-Flash-Lite,INFP,MBTI,0.9309083082221266,0.35374149659863946,0.06802721088435375,1.9430621563693933,0.5
Gemini-3.1-Flash-Lite,INTP,MBTI,-0.4457597933706414,0.3129251700680272,0.17687074829931973,1.6005964029447401,0.32432432432432434
Gemini-3.1-Flash-Lite,ESTP,MBTI,0.5955660783469652,0.5034013605442177,0.027210884353741496,2.470878762463893,0.4864864864864865
Gemini-3.1-Flash-Lite,ESFP,MBTI,1.176495910460611,0.5510204081632653,0.047619047619047616,2.6195135588481957,0.4864864864864865
Gemini-3.1-Flash-Lite,ENFP,MBTI,1.4851485148514851,0.564625850340136,0.047619047619047616,2.6639642158233183,0.5135135135135135
Gemini-3.1-Flash-Lite,ENTP,MBTI,0.8385708136030994,0.3945578231292517,0.11564625850340136,2.0792097660982183,0.47297297297297297
Gemini-3.1-Flash-Lite,ESTJ,MBTI,0.16960826517434358,0.5578231292517006,0.047619047619047616,2.5899729754915657,0.2972972972972973
Gemini-3.1-Flash-Lite,ESFJ,MBTI,1.0658631080499354,0.5238095238095238,0.08843537414965986,2.499953406019942,0.33783783783783783
Gemini-3.1-Flash-Lite,ENFJ,MBTI,1.4928971157985362,0.5374149659863946,0.047619047619047616,2.5784176684372375,0.43243243243243246
Gemini-3.1-Flash-Lite,ENTJ,MBTI,0.5040895393887217,0.5578231292517006,0.06802721088435375,2.615413288603116,0.35135135135135137
Gemini-3.1-Pro-Preview,Default,Default,0.5428325441239776,0.7346938775510204,0.19047619047619047,2.7859472556145795,0.14864864864864866
Gemini-3.1-Pro-Preview,ISTJ,MBTI,-0.6988807576409815,0.5714285714285714,0.027210884353741496,2.532103252259812,0.25675675675675674
Gemini-3.1-Pro-Preview,ISFJ,MBTI,0.27636676711149377,0.4897959183673469,0.047619047619047616,2.377970366228687,0.35135135135135137
Gemini-3.1-Pro-Preview,INFJ,MBTI,0.9864399483426607,0.5986394557823129,0.027210884353741496,2.7585499953406014,0.36486486486486486
Gemini-3.1-Pro-Preview,INTJ,MBTI,-0.08157554885923357,0.5578231292517006,0.013605442176870748,2.6142950330817274,0.32432432432432434
Gemini-3.1-Pro-Preview,ISTP,MBTI,-0.6909169177787344,0.3197278911564626,0.047619047619047616,1.7732736930388588,0.3918918918918919
Gemini-3.1-Pro-Preview,ISFP,MBTI,0.16142918639690063,0.3333333333333333,0.06802721088435375,1.8093374336035786,0.4189189189189189
Gemini-3.1-Pro-Preview,INFP,MBTI,0.729229444683599,0.42857142857142855,0.034013605442176874,2.2100456621004545,0.47297297297297297
Gemini-3.1-Pro-Preview,INTP,MBTI,-0.5051657339647009,0.4557823129251701,0.061224489795918366,2.1127574317398206,0.2702702702702703
Gemini-3.1-Pro-Preview,ESTP,MBTI,0.27098579423159697,0.5374149659863946,0.02040816326530612,2.608424191594439,0.5
Gemini-3.1-Pro-Preview,ESFP,MBTI,0.9291863969005596,0.5714285714285714,0.02040816326530612,2.6972323175845623,0.47297297297297297
Gemini-3.1-Pro-Preview,ENFP,MBTI,1.303056392595781,0.5918367346938775,0.02040816326530612,2.7701984903550456,0.4864864864864865
Gemini-3.1-Pro-Preview,ENTP,MBTI,0.6487300904003441,0.4421768707482993,0.013605442176870748,2.325785108563973,0.5135135135135135
Gemini-3.1-Pro-Preview,ESTJ,MBTI,-0.13108049935428312,0.6530612244897959,0.034013605442176874,2.8630136986301427,0.28378378378378377
Gemini-3.1-Pro-Preview,ESFJ,MBTI,0.8876452862677575,0.6122448979591837,0.04081632653061224,2.798248066349823,0.33783783783783783
Gemini-3.1-Pro-Preview,ENFJ,MBTI,1.5482135170038742,0.6258503401360545,0.013605442176870748,2.8756872612058566,0.36486486486486486
Gemini-3.1-Pro-Preview,ENTJ,MBTI,0.43865690916917766,0.673469387755102,0.013605442176870748,2.995899729754914,0.3108108108108108
Gemini_3-Pro-Preview,Default,Default,0.6476538958243654,0.7619047619047619,0.1836734693877551,2.8817444786133644,0.17567567567567569
Gemini_3-Pro-Preview,ISTJ,MBTI,-0.740421868273784,0.5578231292517006,0.047619047619047616,2.464728357096262,0.2702702702702703
Gemini_3-Pro-Preview,ISFJ,MBTI,0.24472664657770116,0.5170068027210885,0.034013605442176874,2.4738607771875905,0.33783783783783783
Gemini_3-Pro-Preview,INFJ,MBTI,0.8953938872148086,0.564625850340136,0.02040816326530612,2.6470040070822844,0.36486486486486486
Gemini_3-Pro-Preview,INTJ,MBTI,0.011407662505380944,0.5714285714285714,0.02040816326530612,2.6584661261764984,0.32432432432432434
Gemini_3-Pro-Preview,ISTP,MBTI,-0.6831683168316833,0.29931972789115646,0.05442176870748299,1.6343304445065676,0.36486486486486486
Gemini_3-Pro-Preview,ISFP,MBTI,0.129789065863108,0.3673469387755102,0.07482993197278912,1.9052278445624815,0.43243243243243246
Gemini_3-Pro-Preview,INFP,MBTI,0.7094274644855791,0.43537414965986393,0.04081632653061224,2.2170347591091226,0.47297297297297297
Gemini_3-Pro-Preview,INTP,MBTI,-0.503228583727938,0.4557823129251701,0.05442176870748299,2.1004566210045645,0.2972972972972973
Gemini_3-Pro-Preview,ESTP,MBTI,0.2690486439948345,0.54421768707483,0.006802721088435374,2.64085360171466,0.4864864864864865
Gemini_3-Pro-Preview,ESFP,MBTI,0.9765389582436508,0.5850340136054422,0.034013605442176874,2.708228496878202,0.4594594594594595
Gemini_3-Pro-Preview,ENFP,MBTI,1.241713301764959,0.6122448979591837,0.034013605442176874,2.8152082750908574,0.4864864864864865
Gemini_3-Pro-Preview,ENTP,MBTI,0.6726216099870856,0.4489795918367347,0.034013605442176874,2.310129531264558,0.4864864864864865
Gemini_3-Pro-Preview,ESTJ,MBTI,-0.21416272061988817,0.6190476190476191,0.027210884353741496,2.7591091231012967,0.28378378378378377
Gemini_3-Pro-Preview,ESFJ,MBTI,0.9509255273353423,0.6054421768707483,0.034013605442176874,2.7845494362128367,0.32432432432432434
Gemini_3-Pro-Preview,ENFJ,MBTI,1.569952647438657,0.6190476190476191,0.013605442176870748,2.8538812785388195,0.36486486486486486
Gemini_3-Pro-Preview,ENTJ,MBTI,0.5533792509685753,0.6462585034013606,0.027210884353741496,2.904668716801788,0.35135135135135137
Kimi-K2.5,Default,Default,0.27163151097718474,0.5034013605442177,0.2789115646258503,1.8348709346752405,0.08108108108108109
Kimi-K2.5,ISTJ,MBTI,-0.4399483426603532,0.4489795918367347,0.047619047619047616,2.086757990867579,0.20270270270270271
Kimi-K2.5,ISFJ,MBTI,0.23461041756349577,0.3877551020408163,0.047619047619047616,1.9992544963190777,0.33783783783783783
Kimi-K2.5,INFJ,MBTI,0.9862247094274643,0.4013605442176871,0.047619047619047616,2.092908396235204,0.40540540540540543
Kimi-K2.5,INTJ,MBTI,0.036805854498493495,0.4217687074829932,0.04081632653061224,2.088342186189542,0.24324324324324326
Kimi-K2.5,ISTP,MBTI,-0.41842445114076643,0.23129251700680273,0.09523809523809523,1.2569192060385805,0.32432432432432434
Kimi-K2.5,ISFP,MBTI,0.1612139474817047,0.23129251700680273,0.14285714285714285,1.3333333333333328,0.3918918918918919
Kimi-K2.5,INFP,MBTI,0.764528626775721,0.3877551020408163,0.061224489795918366,1.9650545149566663,0.4189189189189189
Kimi-K2.5,INTP,MBTI,-0.36117089969866534,0.3197278911564626,0.08163265306122448,1.4787065511135955,0.25675675675675674
Kimi-K2.5,ESTP,MBTI,0.34588893671975907,0.3673469387755102,0.09523809523809523,2.012673562575717,0.5135135135135135
Kimi-K2.5,ESFP,MBTI,0.956736978045631,0.43537414965986393,0.07482993197278912,2.2100456621004563,0.4864864864864865
Kimi-K2.5,ENFP,MBTI,1.4018510546706844,0.5102040816326531,0.034013605442176874,2.503214984623985,0.5405405405405406
Kimi-K2.5,ENTP,MBTI,0.7393456736978048,0.3333333333333333,0.05442176870748299,1.9438076600503214,0.4864864864864865
Kimi-K2.5,ESTJ,MBTI,0.021308652604390854,0.46938775510204084,0.034013605442176874,2.3396701146211893,0.32432432432432434
Kimi-K2.5,ESFJ,MBTI,1.0299182092122257,0.43537414965986393,0.06802721088435375,2.219457646072127,0.36486486486486486
Kimi-K2.5,ENFJ,MBTI,1.5738269479121825,0.4421768707482993,0.027210884353741496,2.2964309011275716,0.3783783783783784
Kimi-K2.5,ENTJ,MBTI,0.5789926818768834,0.47619047619047616,0.027210884353741496,2.3730314043425578,0.3108108108108108
Kimi-K2.6,Default,Default,0.17649591046061097,0.5510204081632653,0.2857142857142857,1.8197744851365145,0.10810810810810811
Kimi-K2.6,ISTJ,MBTI,-0.5428325441239776,0.5306122448979592,0.034013605442176874,2.320193830957044,0.24324324324324326
Kimi-K2.6,ISFJ,MBTI,0.1653034868704264,0.4897959183673469,0.047619047619047616,2.2706178361755667,0.33783783783783783
Kimi-K2.6,INFJ,MBTI,0.9485578992681876,0.4421768707482993,0.04081632653061224,2.1940173329605823,0.36486486486486486
Kimi-K2.6,INTJ,MBTI,0.052733534222987544,0.4489795918367347,0.0,2.251141552511415,0.22972972972972974
Kimi-K2.6,ISTP,MBTI,-0.5510116229014206,0.25170068027210885,0.10884353741496598,1.2458298387848283,0.35135135135135137
Kimi-K2.6,ISFP,MBTI,0.22836848902281526,0.2925170068027211,0.10884353741496598,1.5116950889945004,0.3918918918918919
Kimi-K2.6,INFP,MBTI,0.8415841584158414,0.4217687074829932,0.047619047619047616,2.053769452986673,0.4594594594594595
Kimi-K2.6,INTP,MBTI,-0.3118811881188117,0.41496598639455784,0.061224489795918366,1.6849315068493156,0.24324324324324326
Kimi-K2.6,ESTP,MBTI,0.25312096427034003,0.42857142857142855,0.06802721088435375,2.232876712328767,0.527027027027027
Kimi-K2.6,ESFP,MBTI,0.9941885492897118,0.4965986394557823,0.047619047619047616,2.395116950889948,0.47297297297297297
Kimi-K2.6,ENFP,MBTI,1.4730951356005164,0.5170068027210885,0.027210884353741496,2.53545801882397,0.4864864864864865
Kimi-K2.6,ENTP,MBTI,0.7038312526904864,0.4013605442176871,0.06802721088435375,2.1439753983785272,0.4864864864864865
Kimi-K2.6,ESTJ,MBTI,-0.09147653895824348,0.5578231292517006,0.006802721088435374,2.6176497996458865,0.2702702702702703
Kimi-K2.6,ESFJ,MBTI,1.0417563495479985,0.5102040816326531,0.061224489795918366,2.4471158326344242,0.32432432432432434
Kimi-K2.6,ENFJ,MBTI,1.5540249677141627,0.48299319727891155,0.06802721088435375,2.3747087876246407,0.3918918918918919
Kimi-K2.6,ENTJ,MBTI,0.5591907016788635,0.5986394557823129,0.027210884353741496,2.7369303885937897,0.2972972972972973
MiniMax-M2.7,Default,Default,0.5396039603960396,0.4013605442176871,0.30612244897959184,1.8941384773087329,0.12162162162162163
MiniMax-M2.7,ISTJ,MBTI,0.007102884201463766,0.2653061224489796,0.08163265306122448,1.5582890690522775,0.2702702702702703
MiniMax-M2.7,ISFJ,MBTI,0.4246663796814465,0.2857142857142857,0.08163265306122448,1.723884074177611,0.2702702702702703
MiniMax-M2.7,INFJ,MBTI,0.964700817907878,0.2925170068027211,0.05442176870748299,1.8087783058428857,0.4189189189189189
MiniMax-M2.7,INTJ,MBTI,0.042832544123977634,0.25170068027210885,0.06802721088435375,1.5821451868418603,0.24324324324324326
MiniMax-M2.7,ISTP,MBTI,-0.31554024967714156,0.10204081632653061,0.1292517006802721,0.8639455782312907,0.2972972972972973
MiniMax-M2.7,ISFP,MBTI,0.09814894532931584,0.1292517006802721,0.16326530612244897,1.0970086664802898,0.43243243243243246
MiniMax-M2.7,INFP,MBTI,0.762806715454154,0.24489795918367346,0.1292517006802721,1.5491566489609554,0.5
MiniMax-M2.7,INTP,MBTI,-0.012914334911751979,0.14965986394557823,0.11564625850340136,1.0589879787531462,0.28378378378378377
MiniMax-M2.7,ESTP,MBTI,0.6644425312096427,0.16326530612244897,0.10204081632653061,1.3972602739726028,0.5
MiniMax-M2.7,ESFP,MBTI,1.1192423590185103,0.2925170068027211,0.10884353741496598,1.7806355418879898,0.4594594594594595
MiniMax-M2.7,ENFP,MBTI,1.3368489022815324,0.32653061224489793,0.07482993197278912,1.9170627154971582,0.5405405405405406
MiniMax-M2.7,ENTP,MBTI,0.8680585449849336,0.17687074829931973,0.10884353741496598,1.4303419998136235,0.5
MiniMax-M2.7,ESTJ,MBTI,0.4900990099009901,0.272108843537415,0.061224489795918366,1.7402851551579541,0.28378378378378377
MiniMax-M2.7,ESFJ,MBTI,1.0716745587602237,0.2925170068027211,0.06802721088435375,1.8172584102133995,0.3783783783783784
MiniMax-M2.7,ENFJ,MBTI,1.4296168747309512,0.35374149659863946,0.05442176870748299,2.0167738328208027,0.5135135135135135
MiniMax-M2.7,ENTJ,MBTI,0.8521308652604391,0.30612244897959184,0.047619047619047616,1.8756872612058528,0.35135135135135137
Qwen3-235B-A22B,Default,Default,1.3034868704261733,0.4217687074829932,0.3401360544217687,1.9137079489329964,0.7027027027027027
Qwen3-235B-A22B,ISTJ,MBTI,-0.13323288850624193,0.5374149659863946,0.047619047619047616,2.4412449911471468,0.25675675675675674
Qwen3-235B-A22B,ISFJ,MBTI,0.5888936719758933,0.5374149659863946,0.027210884353741496,2.5608051439753994,0.2972972972972973
Qwen3-235B-A22B,INFJ,MBTI,1.2574257425742572,0.6258503401360545,0.08843537414965986,2.7895815860590787,0.33783783783783783
Qwen3-235B-A22B,INTJ,MBTI,0.2843306069737408,0.6258503401360545,0.047619047619047616,2.8016028329139853,0.32432432432432434
Qwen3-235B-A22B,ISTP,MBTI,-0.1035299182092122,0.2925170068027211,0.14965986394557823,1.6137359053210358,0.4594594594594595
Qwen3-235B-A22B,ISFP,MBTI,0.553164012053379,0.42857142857142855,0.09523809523809523,2.130929083962353,0.5540540540540541
Qwen3-235B-A22B,INFP,MBTI,1.1504520017219115,0.54421768707483,0.061224489795918366,2.5351784549436176,0.527027027027027
Qwen3-235B-A22B,INTP,MBTI,0.09384416702539822,0.42857142857142855,0.08163265306122448,1.9209766098220111,0.3108108108108108
Qwen3-235B-A22B,ESTP,MBTI,0.904003443822643,0.6054421768707483,0.047619047619047616,2.7671232876712315,0.5540540540540541
Qwen3-235B-A22B,ESFP,MBTI,1.1291433491175202,0.5578231292517006,0.06802721088435375,2.6232410772528145,0.5
Qwen3-235B-A22B,ENFP,MBTI,1.619888075764098,0.7006802721088435,0.034013605442176874,3.0643928804398457,0.5675675675675675
Qwen3-235B-A22B,ENTP,MBTI,1.4044339216530348,0.6258503401360545,0.047619047619047616,2.8073804864411533,0.47297297297297297
Qwen3-235B-A22B,ESTJ,MBTI,0.1874730951356005,0.6054421768707483,0.047619047619047616,2.74848569564812,0.33783783783783783
Qwen3-235B-A22B,ESFJ,MBTI,1.2989668532070597,0.6462585034013606,0.047619047619047616,2.8941384773087266,0.2972972972972973
Qwen3-235B-A22B,ENFJ,MBTI,1.805424020662936,0.6598639455782312,0.047619047619047616,2.951635448700027,0.3918918918918919
Qwen3-235B-A22B,ENTJ,MBTI,0.7453723633232889,0.6258503401360545,0.05442176870748299,2.836827881837668,0.3783783783783784
Qwen3.5-122B-A10B,Default,Default,0.5247524752475248,0.7142857142857143,0.19047619047619047,2.56089833193552,0.08108108108108109
Qwen3.5-122B-A10B,ISTJ,MBTI,-0.3054240206629357,0.5374149659863946,0.027210884353741496,2.3997763488957227,0.21621621621621623
Qwen3.5-122B-A10B,ISFJ,MBTI,0.38506241928540685,0.47619047619047616,0.04081632653061224,2.325785108563972,0.28378378378378377
Qwen3.5-122B-A10B,INFJ,MBTI,1.101162290142058,0.5170068027210885,0.027210884353741496,2.5164476749603915,0.35135135135135137
Qwen3.5-122B-A10B,INTJ,MBTI,0.19909599655617738,0.5306122448979592,0.0,2.506662939148263,0.28378378378378377
Qwen3.5-122B-A10B,ISTP,MBTI,-0.2897115798536376,0.272108843537415,0.08843537414965986,1.4845773926008792,0.3108108108108108
Qwen3.5-122B-A10B,ISFP,MBTI,0.3217821782178216,0.29931972789115646,0.10884353741496598,1.7230453825365732,0.3783783783783784
Qwen3.5-122B-A10B,INFP,MBTI,0.8497632371932844,0.42857142857142855,0.013605442176870748,2.2054794520547976,0.43243243243243246
Qwen3.5-122B-A10B,INTP,MBTI,-0.09793370641411991,0.3469387755102041,0.034013605442176874,1.7442922374429228,0.2702702702702703
Qwen3.5-122B-A10B,ESTP,MBTI,0.4963409384416706,0.5170068027210885,0.027210884353741496,2.541049296430898,0.4594594594594595
Qwen3.5-122B-A10B,ESFP,MBTI,1.0320705983641845,0.5850340136054422,0.034013605442176874,2.730593607305942,0.4189189189189189
Qwen3.5-122B-A10B,ENFP,MBTI,1.3981919931123548,0.6462585034013606,0.006802721088435374,2.949771689497719,0.4594594594594595
Qwen3.5-122B-A10B,ENTP,MBTI,0.9593198450279812,0.40816326530612246,0.027210884353741496,2.198863106886589,0.43243243243243246
Qwen3.5-122B-A10B,ESTJ,MBTI,0.29810589754627603,0.6530612244897959,0.05442176870748299,2.860870375547484,0.28378378378378377
Qwen3.5-122B-A10B,ESFJ,MBTI,0.9429616874730953,0.5510204081632653,0.02040816326530612,2.62603671605628,0.3108108108108108
Qwen3.5-122B-A10B,ENFJ,MBTI,1.6252690486439947,0.6938775510204082,0.006802721088435374,3.0807939614201763,0.32432432432432434
Qwen3.5-122B-A10B,ENTJ,MBTI,0.7313818338355573,0.6666666666666666,0.006802721088435374,2.991147143789023,0.28378378378378377
Qwen3.5-397B-A17B,Default,Default,0.5901851054670684,0.6462585034013606,0.25170068027210885,2.3997763488957253,0.0945945945945946
Qwen3.5-397B-A17B,ISTJ,MBTI,-0.3885062419285408,0.5510204081632653,0.013605442176870748,2.442083682788183,0.24324324324324326
Qwen3.5-397B-A17B,ISFJ,MBTI,0.4227292294446836,0.48299319727891155,0.05442176870748299,2.357096263162799,0.35135135135135137
Qwen3.5-397B-A17B,INFJ,MBTI,1.0398191993112356,0.54421768707483,0.047619047619047616,2.5712421955083378,0.40540540540540543
Qwen3.5-397B-A17B,INTJ,MBTI,0.1416272061988808,0.5374149659863946,0.013605442176870748,2.470319634703197,0.2702702702702703
Qwen3.5-397B-A17B,ISTP,MBTI,-0.49139044339216564,0.29931972789115646,0.10204081632653061,1.56667598546268,0.3783783783783784
Qwen3.5-397B-A17B,ISFP,MBTI,0.2940163581575548,0.3401360544217687,0.06802721088435375,1.862827322709908,0.44594594594594594
Qwen3.5-397B-A17B,INFP,MBTI,0.7567800258286699,0.40816326530612246,0.04081632653061224,2.104277327369304,0.5405405405405406
Qwen3.5-397B-A17B,INTP,MBTI,-0.3471803702109342,0.43537414965986393,0.08163265306122448,1.9187400987792362,0.3108108108108108
Qwen3.5-397B-A17B,ESTP,MBTI,0.5320705983641845,0.46258503401360546,0.013605442176870748,2.3866368465194316,0.4864864864864865
Qwen3.5-397B-A17B,ESFP,MBTI,1.0835126990959965,0.5510204081632653,0.027210884353741496,2.637126083310036,0.47297297297297297
Qwen3.5-397B-A17B,ENFP,MBTI,1.4752475247524752,0.6326530612244898,0.013605442176870748,2.903923213120864,0.527027027027027
Qwen3.5-397B-A17B,ENTP,MBTI,0.7970297029702968,0.3741496598639456,0.034013605442176874,2.1004566210045694,0.5
Qwen3.5-397B-A17B,ESTJ,MBTI,0.10223848471803709,0.6394557823129252,0.006802721088435374,2.841300903923214,0.32432432432432434
Qwen3.5-397B-A17B,ESFJ,MBTI,0.9588893671975893,0.5578231292517006,0.013605442176870748,2.66759854626782,0.35135135135135137
Qwen3.5-397B-A17B,ENFJ,MBTI,1.5245372363323288,0.5714285714285714,0.0,2.729102599944087,0.4594594594594595
Qwen3.5-397B-A17B,ENTJ,MBTI,0.6543263021954369,0.6394557823129252,0.0,2.9248905041468642,0.33783783783783783
