persona,domain,scale,mean,sd,cv,min,max,range,n_models
Default,Neuroticism,IPIP-NEO-120,1.913325,0.706995956052791,0.36951169093216835,1.05,3.15,2.0999999999999996,20
Default,Extraversion,IPIP-NEO-120,2.91958,0.39141663940103516,0.13406607779236573,2.4333,3.8417,1.4083999999999999,20
Default,Openness,IPIP-NEO-120,3.5225,0.3775608494004642,0.10718547889296358,3.05,4.375,1.3250000000000002,20
Default,Agreeableness,IPIP-NEO-120,4.21448,0.2733123663502988,0.06485079211440055,3.7667,4.6833,0.9165999999999999,20
Default,Conscientiousness,IPIP-NEO-120,4.202495000000001,0.37077692144333907,0.08822780787207099,3.55,4.875,1.3250000000000002,20
Default,Machiavellianism,SD3,2.43889,0.2686023974204251,0.11013305127349945,2.1111,2.9111,0.7999999999999998,20
Default,Narcissism,SD3,2.773335,0.2522603799152773,0.09095921694107538,2.2889,3.2222,0.9333,20
Default,Psychopathy,SD3,1.5843450000000001,0.5391082344715206,0.3402719953491951,1.0,2.9545,1.9545,20
Default,Activity,ZKPQ-50-CC,0.24999999999999994,0.15830350596243914,0.6332140238497567,0.04,0.6,0.5599999999999999,20
Default,Aggression-Hostility,ZKPQ-50-CC,0.25399999999999995,0.13756453031214114,0.5415926390241779,0.06,0.62,0.56,20
Default,Impulsive_Sensation_Seeking,ZKPQ-50-CC,0.21199999999999997,0.30386839256493925,1.4333414743629211,0.0,0.9,0.9,20
Default,Neuroticism-Anxiety,ZKPQ-50-CC,0.22200000000000003,0.30508359510140826,1.3742504283847217,0.0,0.8,0.8,20
Default,Sociability,ZKPQ-50-CC,0.3590000000000001,0.12222520198387893,0.34046017265704426,0.1,0.6,0.5,20
Default,Psychoticism,EPQR-A,0.18336000000000002,0.04532230576658694,0.24717662394517306,0.1667,0.3333,0.1666,20
Default,Extraversion,EPQR-A,0.463335,0.1766761338579719,0.38131402518258256,0.0667,0.8667,0.8,20
Default,Neuroticism,EPQR-A,0.06167,0.13754849726550994,2.230395609948272,0.0,0.5333,0.5333,20
Default,Lie,EPQR-A,0.2733250000000001,0.11183867790259326,0.4091783697158812,0.0,0.3667,0.3667,20
INTJ,Neuroticism,IPIP-NEO-120,1.649165,0.1914545148984479,0.11609178881339823,1.325,1.975,0.6500000000000001,20
INTJ,Extraversion,IPIP-NEO-120,2.216675,0.16495630898816807,0.07441610023488697,1.9917,2.5,0.5083,20
INTJ,Openness,IPIP-NEO-120,3.575,0.13116349339660027,0.03668908906198609,3.2333,3.7333,0.5,20
INTJ,Agreeableness,IPIP-NEO-120,3.01626,0.23220860319979533,0.07698560575009958,2.7583,3.6667,0.9083999999999999,20
INTJ,Conscientiousness,IPIP-NEO-120,4.589589999999999,0.13039797889538018,0.028411683591645486,4.2417,4.7833,0.5415999999999999,20
INTJ,Machiavellianism,SD3,3.230005,0.3548789701785667,0.10986948013348793,2.6667,3.8889,1.2222,20
INTJ,Narcissism,SD3,3.0222100000000003,0.2572392852967835,0.08511628420817333,2.6222,3.7111,1.0889000000000002,20
INTJ,Psychopathy,SD3,1.9866699999999997,0.2195751582032904,0.11052422304826189,1.5556,2.5556,1.0,20
INTJ,Activity,ZKPQ-50-CC,0.5170000000000001,0.16028412273210346,0.310027316696525,0.26,1.0,0.74,20
INTJ,Aggression-Hostility,ZKPQ-50-CC,0.35100000000000003,0.10648474069086143,0.3033753296035938,0.2,0.7,0.49999999999999994,20
INTJ,Impulsive_Sensation_Seeking,ZKPQ-50-CC,0.045,0.04811444689487763,1.0692099309972807,0.0,0.12,0.12,20
INTJ,Neuroticism-Anxiety,ZKPQ-50-CC,0.06500000000000002,0.05286775955154522,0.8133501469468494,0.0,0.2,0.2,20
INTJ,Sociability,ZKPQ-50-CC,0.0,0.0,,0.0,0.0,0.0,20
INTJ,Psychoticism,EPQR-A,0.17503,0.023270154705115308,0.13294952125415818,0.1667,0.2667,0.1,20
INTJ,Extraversion,EPQR-A,0.0016650000000000002,0.007257566740995223,4.358898943540674,0.0,0.0333,0.0333,20
INTJ,Neuroticism,EPQR-A,0.02334,0.04230734451605301,1.812654006686076,0.0,0.1667,0.1667,20
INTJ,Lie,EPQR-A,0.510005,0.12829138114074537,0.2515492615577207,0.2333,0.6667,0.43339999999999995,20
INTP,Neuroticism,IPIP-NEO-120,2.294585,0.17875529719423702,0.0779031054392132,1.9667,2.5917,0.625,20
INTP,Extraversion,IPIP-NEO-120,1.7908300000000001,0.24170464228061483,0.1349679435125695,1.4167,2.2333,0.8165999999999998,20
INTP,Openness,IPIP-NEO-120,3.9933349999999996,0.13582472630195136,0.034012855495957985,3.725,4.1667,0.44169999999999954,20
INTP,Agreeableness,IPIP-NEO-120,3.3225049999999996,0.1797600191227182,0.05410376180704565,3.0667,3.5917,0.5249999999999999,20
INTP,Conscientiousness,IPIP-NEO-120,3.0250050000000006,0.23517180629276122,0.0777426173817105,2.6417,3.6667,1.025,20
INTP,Machiavellianism,SD3,2.5933400000000004,0.1761177799087872,0.0679115657448646,2.3333,2.9333,0.6000000000000001,20
INTP,Narcissism,SD3,1.9799900000000001,0.21940918599730508,0.11081327986368873,1.6444,2.3111,0.6667000000000001,20
INTP,Psychopathy,SD3,1.740005,0.23265898967157922,0.13371167880068116,1.4667,2.2222,0.7555000000000001,20
INTP,Activity,ZKPQ-50-CC,0.023,0.034219877264537346,1.4878207506320587,0.0,0.1,0.1,20
INTP,Aggression-Hostility,ZKPQ-50-CC,0.24500000000000002,0.09977474630386188,0.4072438624647423,0.1,0.58,0.48,20
INTP,Impulsive_Sensation_Seeking,ZKPQ-50-CC,0.266,0.0938296328459192,0.3527429806237564,0.12,0.54,0.42000000000000004,20
INTP,Neuroticism-Anxiety,ZKPQ-50-CC,0.187,0.0982395032560731,0.5253449371982518,0.02,0.42,0.39999999999999997,20
INTP,Sociability,ZKPQ-50-CC,0.001,0.004358898943540674,4.358898943540674,0.0,0.02,0.02,20
INTP,Psychoticism,EPQR-A,0.30000000000000004,0.09189245344423012,0.3063081781474337,0.1667,0.5,0.33330000000000004,20
INTP,Extraversion,EPQR-A,0.0,0.0,,0.0,0.0,0.0,20
INTP,Neuroticism,EPQR-A,0.036664999999999996,0.06315861995800731,1.7225861164054908,0.0,0.2,0.2,20
INTP,Lie,EPQR-A,0.18833000000000003,0.1155904195857079,0.6137653033808097,0.0,0.3333,0.3333,20
INFJ,Neuroticism,IPIP-NEO-120,2.63667,0.1547030513596936,0.058673649474410366,2.35,2.9667,0.6166999999999998,20
INFJ,Extraversion,IPIP-NEO-120,2.504585,0.2942877576029964,0.11749960875873504,2.0167,3.0417,1.025,20
INFJ,Openness,IPIP-NEO-120,4.382915000000001,0.10157328032017071,0.023174823221570735,4.0833,4.5417,0.45839999999999925,20
INFJ,Agreeableness,IPIP-NEO-120,4.434585,0.10528672886456299,0.023742183059872114,4.2167,4.6167,0.39999999999999947,20
INFJ,Conscientiousness,IPIP-NEO-120,4.57418,0.18649008177380366,0.04077016684385041,4.1917,4.9417,0.75,20
INFJ,Machiavellianism,SD3,2.16111,0.22008951792395748,0.10184096039718361,1.8444,2.7778,0.9334,20
INFJ,Narcissism,SD3,2.5144549999999994,0.2978296047658795,0.1184469814595527,1.9778,3.1778,1.2,20
INFJ,Psychopathy,SD3,1.2933249999999998,0.22150595900562137,0.17126859761128982,1.0,2.0222,1.0222000000000002,20
INFJ,Activity,ZKPQ-50-CC,0.21599999999999997,0.14093970341958295,0.6524986269425137,0.06,0.68,0.6200000000000001,20
INFJ,Aggression-Hostility,ZKPQ-50-CC,0.18000000000000002,0.058309518948453,0.32394177193584994,0.1,0.36,0.26,20
INFJ,Impulsive_Sensation_Seeking,ZKPQ-50-CC,0.043,0.08515280382935139,1.9802977634732883,0.0,0.38,0.38,20
INFJ,Neuroticism-Anxiety,ZKPQ-50-CC,0.651,0.1499966666296288,0.230409626159184,0.36,0.9,0.54,20
INFJ,Sociability,ZKPQ-50-CC,0.073,0.1230081298126266,1.6850428741455699,0.0,0.5,0.5,20
INFJ,Psychoticism,EPQR-A,0.065,0.0710883675435018,1.0936671929769508,0.0,0.2,0.2,20
INFJ,Extraversion,EPQR-A,0.021670000000000002,0.03982698959248615,1.8378859987303253,0.0,0.1333,0.1333,20
INFJ,Neuroticism,EPQR-A,0.876675,0.09838050048154869,0.11222003648050724,0.7,1.0,0.30000000000000004,20
INFJ,Lie,EPQR-A,0.5849949999999999,0.13142114546373426,0.22465345082220237,0.3667,0.8333,0.4666,20
INFP,Neuroticism,IPIP-NEO-120,3.204175,0.2612385842003435,0.0815306854963738,2.8333,3.7,0.8667000000000002,20
INFP,Extraversion,IPIP-NEO-120,2.40167,0.27789169670934755,0.1157076936920341,1.975,2.9167,0.9417,20
INFP,Openness,IPIP-NEO-120,4.6620800000000004,0.09561405022275764,0.02050888234924275,4.4333,4.8333,0.40000000000000036,20
INFP,Agreeableness,IPIP-NEO-120,4.553745,0.10721462341956908,0.023544274749589422,4.3,4.6833,0.3833000000000002,20
INFP,Conscientiousness,IPIP-NEO-120,3.4233199999999995,0.24453330979643656,0.07143162479593979,3.1167,3.9583,0.8416000000000001,20
INFP,Machiavellianism,SD3,1.7189,0.21888827058570318,0.12734206212444188,1.4444,2.2444,0.8000000000000003,20
INFP,Narcissism,SD3,2.1866600000000003,0.21227217763993467,0.09707598695724742,1.7778,2.5111,0.7332999999999998,20
INFP,Psychopathy,SD3,1.3188900000000001,0.1812541582971271,0.13742932185180498,1.1111,1.8222,0.7111000000000001,20
INFP,Activity,ZKPQ-50-CC,0.026999999999999996,0.0548725796732758,2.032317765676882,0.0,0.18,0.18,20
INFP,Aggression-Hostility,ZKPQ-50-CC,0.19500000000000003,0.06599242380758567,0.33842268619274696,0.08,0.44,0.36,20
INFP,Impulsive_Sensation_Seeking,ZKPQ-50-CC,0.603,0.17254274832632058,0.28614054448809384,0.34,0.9,0.56,20
INFP,Neuroticism-Anxiety,ZKPQ-50-CC,0.826,0.082,0.09927360774818403,0.62,0.92,0.30000000000000004,20
INFP,Sociability,ZKPQ-50-CC,0.048,0.0735934779718964,1.5331974577478416,0.0,0.26,0.26,20
INFP,Psychoticism,EPQR-A,0.273325,0.06877500181752087,0.25162353175714214,0.1667,0.3333,0.1666,20
INFP,Extraversion,EPQR-A,0.045,0.10181246485573367,2.262499219016304,0.0,0.3667,0.3667,20
INFP,Neuroticism,EPQR-A,0.849975,0.04410278761030871,0.05188715857561541,0.8,1.0,0.19999999999999996,20
INFP,Lie,EPQR-A,0.333325,0.1584557442158535,0.4753791171254887,0.0667,0.6333,0.5666,20
ISTJ,Neuroticism,IPIP-NEO-120,1.8325000000000002,0.2110026350546362,0.11514468488656818,1.4667,2.2167,0.75,20
ISTJ,Extraversion,IPIP-NEO-120,2.07125,0.21568732345689678,0.10413389183193568,1.7583,2.4167,0.6584000000000001,20
ISTJ,Openness,IPIP-NEO-120,2.02667,0.23122665741648385,0.11409191304775017,1.6,2.3417,0.7416999999999998,20
ISTJ,Agreeableness,IPIP-NEO-120,3.793345,0.23841033843984202,0.06284963230073774,3.3417,4.275,0.9333000000000005,20
ISTJ,Conscientiousness,IPIP-NEO-120,4.836255,0.08247722397728952,0.017053944421311428,4.5833,4.925,0.34169999999999945,20
ISTJ,Machiavellianism,SD3,2.4744450000000002,0.22947130207282995,0.09273647305671774,2.1333,3.1111,0.9777999999999998,20
ISTJ,Narcissism,SD3,2.0999999999999996,0.20165922989042676,0.09602820470972705,1.8,2.4667,0.6666999999999998,20
ISTJ,Psychopathy,SD3,1.29332,0.116658817069264,0.09020104619836081,1.0889,1.5111,0.42220000000000013,20
ISTJ,Activity,ZKPQ-50-CC,0.568,0.17116074316267738,0.3013393365540095,0.24,0.9,0.66,20
ISTJ,Aggression-Hostility,ZKPQ-50-CC,0.20000000000000004,0.03741657386773942,0.18708286933869706,0.1,0.28,0.18000000000000002,20
ISTJ,Impulsive_Sensation_Seeking,ZKPQ-50-CC,0.0,0.0,,0.0,0.0,0.0,20
ISTJ,Neuroticism-Anxiety,ZKPQ-50-CC,0.066,0.05517245689653489,0.835946316614165,0.0,0.2,0.2,20
ISTJ,Sociability,ZKPQ-50-CC,0.006,0.026153393661244036,4.358898943540672,0.0,0.12,0.12,20
ISTJ,Psychoticism,EPQR-A,0.0,0.0,,0.0,0.0,0.0,20
ISTJ,Extraversion,EPQR-A,0.008335,0.025553322191057666,3.0657855058257546,0.0,0.1,0.1,20
ISTJ,Neuroticism,EPQR-A,0.05333,0.0956795594680494,1.794103871517896,0.0,0.3333,0.3333,20
ISTJ,Lie,EPQR-A,0.7933199999999999,0.07116366769637442,0.08970360976198057,0.5667,0.8667,0.30000000000000004,20
ISTP,Neuroticism,IPIP-NEO-120,1.8950099999999999,0.20110090228539504,0.10612128816491473,1.5333,2.15,0.6166999999999998,20
ISTP,Extraversion,IPIP-NEO-120,2.409995,0.21527828379797162,0.08932727403914599,2.0333,2.7583,0.7250000000000001,20
ISTP,Openness,IPIP-NEO-120,2.8308349999999995,0.14730498727130734,0.05203587890898175,2.5833,3.0833,0.5,20
ISTP,Agreeableness,IPIP-NEO-120,3.3429199999999994,0.18503741945887595,0.0553520333896342,3.0833,3.75,0.6667000000000001,20
ISTP,Conscientiousness,IPIP-NEO-120,3.3191650000000004,0.21968489541841515,0.0661867956002233,2.9333,3.8917,0.9584000000000001,20
ISTP,Machiavellianism,SD3,2.7766650000000004,0.19595205351054631,0.07057101001040683,2.4444,3.1778,0.7334,20
ISTP,Narcissism,SD3,2.109995,0.22786538015898777,0.10799332707375504,1.6222,2.5333,0.9111,20
ISTP,Psychopathy,SD3,2.40778,0.21084501559202198,0.08756822284096637,2.1111,3.0,0.8889,20
ISTP,Activity,ZKPQ-50-CC,0.31900000000000006,0.13045688943095338,0.4089557662412331,0.12,0.7,0.58,20
ISTP,Aggression-Hostility,ZKPQ-50-CC,0.282,0.1351887569289695,0.4793927550672678,0.1,0.64,0.54,20
ISTP,Impulsive_Sensation_Seeking,ZKPQ-50-CC,0.6709999999999999,0.10999545445153633,0.1639276519396965,0.34,0.8,0.46,20
ISTP,Neuroticism-Anxiety,ZKPQ-50-CC,0.003,0.007141428428542849,2.380476142847616,0.0,0.02,0.02,20
ISTP,Sociability,ZKPQ-50-CC,0.0,0.0,,0.0,0.0,0.0,20
ISTP,Psychoticism,EPQR-A,0.19168500000000002,0.04328299059676908,0.22580270024659765,0.1667,0.3333,0.1666,20
ISTP,Extraversion,EPQR-A,0.03167,0.0636693733281552,2.010400168239823,0.0,0.1667,0.1667,20
ISTP,Neuroticism,EPQR-A,0.0,0.0,,0.0,0.0,0.0,20
ISTP,Lie,EPQR-A,0.23166000000000003,0.12757298852029766,0.550690617803236,0.0,0.4667,0.4667,20
ISFJ,Neuroticism,IPIP-NEO-120,2.48,0.1781368097839411,0.07182935878384722,2.0833,2.8417,0.7584,20
ISFJ,Extraversion,IPIP-NEO-120,2.39251,0.2522186232219977,0.10542009154486195,2.0,2.925,0.9249999999999998,20
ISFJ,Openness,IPIP-NEO-120,2.7499949999999997,0.14896830694815588,0.05417039192731474,2.5167,3.0083,0.49160000000000004,20
ISFJ,Agreeableness,IPIP-NEO-120,4.66042,0.10639434947402049,0.022829347885817263,4.4333,4.8833,0.4500000000000002,20
ISFJ,Conscientiousness,IPIP-NEO-120,4.74083,0.12114199973584709,0.025552909455906898,4.4583,4.9,0.4417,20
ISFJ,Machiavellianism,SD3,2.23999,0.3091792973340874,0.13802708821650425,1.6889,2.8889,1.2,20
ISFJ,Narcissism,SD3,1.8277749999999997,0.17954567350677095,0.09823182476331659,1.5556,2.2222,0.6665999999999999,20
ISFJ,Psychopathy,SD3,1.1255600000000001,0.13486974234423374,0.11982456940921295,1.0,1.4667,0.4666999999999999,20
ISFJ,Activity,ZKPQ-50-CC,0.30900000000000005,0.1600593639872407,0.5179914692143711,0.04,0.64,0.6,20
ISFJ,Aggression-Hostility,ZKPQ-50-CC,0.06200000000000001,0.03994996871087636,0.6443543340463928,0.0,0.12,0.12,20
ISFJ,Impulsive_Sensation_Seeking,ZKPQ-50-CC,0.0,0.0,,0.0,0.0,0.0,20
ISFJ,Neuroticism-Anxiety,ZKPQ-50-CC,0.496,0.13734627770711516,0.2769078179578935,0.34,0.9,0.56,20
ISFJ,Sociability,ZKPQ-50-CC,0.275,0.18781639970992953,0.6829687262179255,0.0,0.54,0.54,20
ISFJ,Psychoticism,EPQR-A,0.0,0.0,,0.0,0.0,0.0,20
ISFJ,Extraversion,EPQR-A,0.058345,0.07519955102924485,1.2888773850243354,0.0,0.1667,0.1667,20
ISFJ,Neuroticism,EPQR-A,0.55333,0.12667421245067995,0.22893067871013673,0.3333,1.0,0.6667000000000001,20
ISFJ,Lie,EPQR-A,0.74332,0.1174125700255301,0.1579569633879488,0.5,0.8333,0.33330000000000004,20
ISFP,Neuroticism,IPIP-NEO-120,2.827085,0.2544443028935802,0.09000235326973906,2.45,3.2167,0.7666999999999997,20
ISFP,Extraversion,IPIP-NEO-120,2.389575,0.24975335207960672,0.10451789631194114,2.025,2.8333,0.8083,20
ISFP,Openness,IPIP-NEO-120,3.7350000000000003,0.17720280471820973,0.047443856684928974,3.3833,4.05,0.6666999999999996,20
ISFP,Agreeableness,IPIP-NEO-120,4.468740000000001,0.13168684216731755,0.029468450204602977,4.225,4.6583,0.4333,20
ISFP,Conscientiousness,IPIP-NEO-120,3.28,0.24023628576882383,0.07324277005147069,2.775,3.625,0.8500000000000001,20
ISFP,Machiavellianism,SD3,2.1011249999999997,0.2332252277842172,0.11100016790253661,1.6889,2.5556,0.8667,20
ISFP,Narcissism,SD3,1.874435,0.15335482801333644,0.08181389486076414,1.5778,2.1333,0.5555000000000001,20
ISFP,Psychopathy,SD3,1.33445,0.216320494868147,0.16210460854145678,1.0222,1.7778,0.7556,20
ISFP,Activity,ZKPQ-50-CC,0.05800000000000001,0.060959002616512686,1.0510172864915979,0.0,0.18,0.18,20
ISFP,Aggression-Hostility,ZKPQ-50-CC,0.11300000000000002,0.0548725796732758,0.48559805020598046,0.0,0.22,0.22,20
ISFP,Impulsive_Sensation_Seeking,ZKPQ-50-CC,0.5770000000000001,0.1531371933920692,0.2654024148909344,0.3,0.88,0.5800000000000001,20
ISFP,Neuroticism-Anxiety,ZKPQ-50-CC,0.6729999999999999,0.13149524706239385,0.19538669697235345,0.36,0.9,0.54,20
ISFP,Sociability,ZKPQ-50-CC,0.027000000000000003,0.04828043081829325,1.7881641043812313,0.0,0.16,0.16,20
ISFP,Psychoticism,EPQR-A,0.16836500000000001,0.007257566740995225,0.043106148789803254,0.1667,0.2,0.033300000000000024,20
ISFP,Extraversion,EPQR-A,0.10166499999999998,0.15364390738001946,1.5112763230218806,0.0,0.5,0.5,20
ISFP,Neuroticism,EPQR-A,0.63334,0.12560476264855566,0.1983212218532789,0.3333,0.8333,0.5,20
ISFP,Lie,EPQR-A,0.383335,0.15038303187195023,0.3923018557448452,0.1,0.7667,0.6667000000000001,20
ENTJ,Neuroticism,IPIP-NEO-120,1.38958,0.17328735556872,0.12470484287966146,1.1417,1.6917,0.55,20
ENTJ,Extraversion,IPIP-NEO-120,3.9225100000000004,0.1740643900974579,0.04437576707196613,3.5833,4.1667,0.5833999999999997,20
ENTJ,Openness,IPIP-NEO-120,3.162505,0.1588471072289325,0.05022825488937804,2.8917,3.525,0.6332999999999998,20
ENTJ,Agreeableness,IPIP-NEO-120,3.059175,0.3170167154504633,0.10362817277549119,2.6417,3.6667,1.025,20
ENTJ,Conscientiousness,IPIP-NEO-120,4.689585,0.11088971221443404,0.02364595421864281,4.5417,4.875,0.3333000000000004,20
ENTJ,Machiavellianism,SD3,3.0199999999999996,0.36831592145873904,0.12195891439031095,2.5111,3.8889,1.3778000000000001,20
ENTJ,Narcissism,SD3,4.42555,0.14492752844094178,0.03274791346633566,4.2,4.6889,0.4889000000000001,20
ENTJ,Psychopathy,SD3,2.4699999999999998,0.25281496791131647,0.10235423802077591,1.9778,2.8889,0.9111,20
ENTJ,Activity,ZKPQ-50-CC,0.9970000000000001,0.009539392014169465,0.0095680963030787,0.96,1.0,0.040000000000000036,20
ENTJ,Aggression-Hostility,ZKPQ-50-CC,0.724,0.15435025105259792,0.21319095449253858,0.4,1.0,0.6,20
ENTJ,Impulsive_Sensation_Seeking,ZKPQ-50-CC,0.256,0.14221111067704942,0.5555121510822243,0.1,0.56,0.4600000000000001,20
ENTJ,Neuroticism-Anxiety,ZKPQ-50-CC,0.005,0.02179449471770337,4.358898943540674,0.0,0.1,0.1,20
ENTJ,Sociability,ZKPQ-50-CC,0.6889999999999998,0.04624932431938872,0.06712528928793719,0.58,0.8,0.22000000000000008,20
ENTJ,Psychoticism,EPQR-A,0.15335000000000001,0.052066203049579096,0.33952528887889855,0.0,0.2333,0.2333,20
ENTJ,Extraversion,EPQR-A,0.93667,0.06489804388423429,0.06928592127882209,0.8333,1.0,0.16669999999999996,20
ENTJ,Neuroticism,EPQR-A,0.0016650000000000002,0.007257566740995223,4.358898943540674,0.0,0.0333,0.0333,20
ENTJ,Lie,EPQR-A,0.45832999999999996,0.18704738196510529,0.4081063468791161,0.0667,0.6667,0.6,20
ENTP,Neuroticism,IPIP-NEO-120,2.1504150000000006,0.15528153874495187,0.07221003329355116,1.95,2.5667,0.6167,20
ENTP,Extraversion,IPIP-NEO-120,4.562079999999999,0.1897684025331931,0.041596903722247995,4.175,4.9083,0.7332999999999998,20
ENTP,Openness,IPIP-NEO-120,4.360835,0.1347150001855769,0.030892019575511777,4.1917,4.7917,0.5999999999999996,20
ENTP,Agreeableness,IPIP-NEO-120,3.1054249999999994,0.2777268601972088,0.08943280233694546,2.675,3.6,0.9250000000000003,20
ENTP,Conscientiousness,IPIP-NEO-120,2.679585,0.301479878723274,0.1125099143051159,2.1917,3.0667,0.875,20
ENTP,Machiavellianism,SD3,2.8566700000000003,0.3057791802919224,0.10704042829305534,2.2889,3.3333,1.0444,20
ENTP,Narcissism,SD3,4.15889,0.23926490946229453,0.057530954043577616,3.7778,4.8,1.0221999999999998,20
ENTP,Psychopathy,SD3,3.42777,0.35114238721635416,0.10244047506581659,2.6889,3.8889,1.2000000000000002,20
ENTP,Activity,ZKPQ-50-CC,0.8100000000000002,0.08933084573650918,0.11028499473643107,0.6,0.94,0.33999999999999997,20
ENTP,Aggression-Hostility,ZKPQ-50-CC,0.781,0.07860661549767933,0.10064867541316175,0.62,1.0,0.38,20
ENTP,Impulsive_Sensation_Seeking,ZKPQ-50-CC,0.954,0.042941821107167766,0.045012391097660136,0.9,1.0,0.09999999999999998,20
ENTP,Neuroticism-Anxiety,ZKPQ-50-CC,0.035,0.03993745109543172,1.1410700312980488,0.0,0.12,0.12,20
ENTP,Sociability,ZKPQ-50-CC,0.8949999999999999,0.07262919523166975,0.08114993880633492,0.74,1.0,0.26,20
ENTP,Psychoticism,EPQR-A,0.620005,0.10873168110077208,0.1753722649023348,0.3667,0.7667,0.4,20
ENTP,Extraversion,EPQR-A,1.0,0.0,0.0,1.0,1.0,0.0,20
ENTP,Neuroticism,EPQR-A,0.10834500000000002,0.06822858253693975,0.6297344827812981,0.0,0.2,0.2,20
ENTP,Lie,EPQR-A,0.03,0.06137317818070039,2.0457726060233465,0.0,0.2333,0.2333,20
ENFJ,Neuroticism,IPIP-NEO-120,2.1454099999999996,0.2763702514743582,0.12881931727472057,1.6667,2.9333,1.2666,20
ENFJ,Extraversion,IPIP-NEO-120,4.4070800000000006,0.0949215286434011,0.021538417420015315,4.25,4.525,0.27500000000000036,20
ENFJ,Openness,IPIP-NEO-120,4.23791,0.14405563820968617,0.03399214193073618,4.0,4.6083,0.6082999999999998,20
ENFJ,Agreeableness,IPIP-NEO-120,4.640835,0.10071992491557966,0.021702974769751488,4.4583,4.8333,0.375,20
ENFJ,Conscientiousness,IPIP-NEO-120,4.471259999999999,0.16738382956546308,0.037435494595586725,4.2167,4.6917,0.47499999999999964,20
ENFJ,Machiavellianism,SD3,1.7777700000000003,0.3021685011711181,0.1699705255298031,1.3111,2.3333,1.0222,20
ENFJ,Narcissism,SD3,3.8922350000000003,0.22806034349487422,0.05859367265719418,3.5111,4.4,0.8889000000000005,20
ENFJ,Psychopathy,SD3,1.3244399999999996,0.21902589207671316,0.16537245332118725,1.0889,1.9333,0.8444,20
ENFJ,Activity,ZKPQ-50-CC,0.943,0.07218725649309578,0.0765506431528057,0.72,1.0,0.28,20
ENFJ,Aggression-Hostility,ZKPQ-50-CC,0.15100000000000002,0.06048966853934646,0.4005938313864003,0.1,0.28,0.18000000000000002,20
ENFJ,Impulsive_Sensation_Seeking,ZKPQ-50-CC,0.41899999999999993,0.24951753445399383,0.5955072421336369,0.1,1.0,0.9,20
ENFJ,Neuroticism-Anxiety,ZKPQ-50-CC,0.38,0.12489995996796796,0.32868410517886304,0.2,0.6,0.39999999999999997,20
ENFJ,Sociability,ZKPQ-50-CC,0.9709999999999999,0.04537620521815371,0.04673141629058056,0.86,1.0,0.14,20
ENFJ,Psychoticism,EPQR-A,0.10835499999999998,0.07140631257108856,0.6590033922854375,0.0,0.1667,0.1667,20
ENFJ,Extraversion,EPQR-A,1.0,0.0,0.0,1.0,1.0,0.0,20
ENFJ,Neuroticism,EPQR-A,0.6399999999999999,0.1376715112141942,0.21511173627217844,0.3333,0.8333,0.5,20
ENFJ,Lie,EPQR-A,0.62166,0.1758321824922844,0.2828430050064093,0.2667,0.8333,0.5666,20
ENFP,Neuroticism,IPIP-NEO-120,2.495405,0.27222768866336866,0.10909158580004796,2.0667,3.3,1.2332999999999998,20
ENFP,Extraversion,IPIP-NEO-120,4.671255,0.12348235693814726,0.026434514266112052,4.3833,4.875,0.4916999999999998,20
ENFP,Openness,IPIP-NEO-120,4.791669999999999,0.10877768199405605,0.022701413493428402,4.4667,4.9417,0.47499999999999964,20
ENFP,Agreeableness,IPIP-NEO-120,4.4541699999999995,0.15954875775135324,0.035820087188264765,4.025,4.625,0.5999999999999996,20
ENFP,Conscientiousness,IPIP-NEO-120,2.938745,0.26813816489824793,0.0912424061625789,2.4417,3.4,0.9582999999999999,20
ENFP,Machiavellianism,SD3,1.7111050000000003,0.3016033711267167,0.1762623399070873,1.2444,2.3333,1.0889,20
ENFP,Narcissism,SD3,4.189995,0.234269602114743,0.055911666270423474,3.8889,4.6444,0.7555000000000001,20
ENFP,Psychopathy,SD3,2.093339999999999,0.2930202303596118,0.13997737126296345,1.5556,2.7556,1.1999999999999997,20
ENFP,Activity,ZKPQ-50-CC,0.826,0.07017121917139535,0.0849530498443043,0.7,0.92,0.22000000000000008,20
ENFP,Aggression-Hostility,ZKPQ-50-CC,0.347,0.14060938802227965,0.405214374703976,0.1,0.8,0.7000000000000001,20
ENFP,Impulsive_Sensation_Seeking,ZKPQ-50-CC,1.0,0.0,0.0,1.0,1.0,0.0,20
ENFP,Neuroticism-Anxiety,ZKPQ-50-CC,0.45999999999999996,0.1129601699715435,0.2455655868946598,0.26,0.64,0.38,20
ENFP,Sociability,ZKPQ-50-CC,0.999,0.004358898943540678,0.004363262205746424,0.98,1.0,0.020000000000000018,20
ENFP,Psychoticism,EPQR-A,0.45832999999999996,0.07370398971561852,0.16080987436043578,0.3333,0.6,0.2667,20
ENFP,Extraversion,EPQR-A,1.0,0.0,0.0,1.0,1.0,0.0,20
ENFP,Neuroticism,EPQR-A,0.5766649999999999,0.13296336440914844,0.23057297461983728,0.3333,0.8333,0.5,20
ENFP,Lie,EPQR-A,0.108335,0.1069183252534382,0.9869232035209138,0.0,0.3667,0.3667,20
ESTJ,Neuroticism,IPIP-NEO-120,1.515415,0.21643510869311383,0.1428223349334102,1.2,1.9333,0.7333000000000001,20
ESTJ,Extraversion,IPIP-NEO-120,3.5808349999999995,0.1973226577841481,0.05510520808251375,3.25,4.0583,0.8083,20
ESTJ,Openness,IPIP-NEO-120,1.8483249999999998,0.2706794448697573,0.1464458062677058,1.45,2.2667,0.8167000000000002,20
ESTJ,Agreeableness,IPIP-NEO-120,3.432505,0.24680144544754998,0.07190126320210749,3.0417,3.9417,0.8999999999999999,20
ESTJ,Conscientiousness,IPIP-NEO-120,4.828755,0.08501804205578947,0.017606617452281068,4.6583,4.95,0.2917000000000005,20
ESTJ,Machiavellianism,SD3,2.7122199999999994,0.3372014540300798,0.1243267338306184,2.0667,3.6667,1.6,20
ESTJ,Narcissism,SD3,3.93334,0.20846126594645836,0.05299853710751127,3.5778,4.2667,0.6889000000000003,20
ESTJ,Psychopathy,SD3,1.9577749999999998,0.20293041633771908,0.10365359468668213,1.5111,2.4444,0.9332999999999998,20
ESTJ,Activity,ZKPQ-50-CC,0.999,0.004358898943540678,0.004363262205746424,0.98,1.0,0.020000000000000018,20
ESTJ,Aggression-Hostility,ZKPQ-50-CC,0.685,0.16587646005386056,0.24215541613702268,0.38,1.0,0.62,20
ESTJ,Impulsive_Sensation_Seeking,ZKPQ-50-CC,0.013000000000000001,0.026286878856189834,2.0220676043222947,0.0,0.1,0.1,20
ESTJ,Neuroticism-Anxiety,ZKPQ-50-CC,0.036,0.039293765408777,1.091493483577139,0.0,0.1,0.1,20
ESTJ,Sociability,ZKPQ-50-CC,0.712,0.06675327707311457,0.0937546026307789,0.6,0.9,0.30000000000000004,20
ESTJ,Psychoticism,EPQR-A,0.0,0.0,,0.0,0.0,0.0,20
ESTJ,Extraversion,EPQR-A,0.885,0.11760716389744293,0.13288945073157393,0.6333,1.0,0.3667,20
ESTJ,Neuroticism,EPQR-A,0.003335,0.014536927976708145,4.358898943540673,0.0,0.0667,0.0667,20
ESTJ,Lie,EPQR-A,0.7633150000000001,0.13244617501083225,0.17351444031734242,0.5,1.0,0.5,20
ESTP,Neuroticism,IPIP-NEO-120,1.9745800000000002,0.20765366984476827,0.1051634625311551,1.6917,2.4167,0.7250000000000001,20
ESTP,Extraversion,IPIP-NEO-120,4.816255,0.13242240171134192,0.02749489005697205,4.4,4.9667,0.5667,20
ESTP,Openness,IPIP-NEO-120,2.68126,0.12947546640194044,0.0482890381395092,2.4083,2.95,0.5417000000000001,20
ESTP,Agreeableness,IPIP-NEO-120,3.22209,0.2629860146471671,0.08161969859537352,2.85,3.7333,0.8832999999999998,20
ESTP,Conscientiousness,IPIP-NEO-120,3.04875,0.22186067812931615,0.07277103013671705,2.55,3.4167,0.8667000000000002,20
ESTP,Machiavellianism,SD3,3.049995,0.3715083127939401,0.12180620387703589,2.5111,4.1111,1.6000000000000005,20
ESTP,Narcissism,SD3,4.23334,0.2992535169383979,0.07068969582844702,3.6889,4.7333,1.0444,20
ESTP,Psychopathy,SD3,3.7600000000000002,0.3183794622773271,0.08467538890354444,3.1111,4.3778,1.2666999999999997,20
ESTP,Activity,ZKPQ-50-CC,0.999,0.004358898943540678,0.004363262205746424,0.98,1.0,0.020000000000000018,20
ESTP,Aggression-Hostility,ZKPQ-50-CC,0.8109999999999999,0.13122118731363466,0.16180171062100454,0.5,1.0,0.5,20
ESTP,Impulsive_Sensation_Seeking,ZKPQ-50-CC,0.999,0.004358898943540678,0.004363262205746424,0.98,1.0,0.020000000000000018,20
ESTP,Neuroticism-Anxiety,ZKPQ-50-CC,0.013000000000000001,0.027766886753829646,2.1359143656792035,0.0,0.1,0.1,20
ESTP,Sociability,ZKPQ-50-CC,0.99,0.02049390153191919,0.020700910638302213,0.92,1.0,0.07999999999999996,20
ESTP,Psychoticism,EPQR-A,0.5350050000000001,0.09157805127321719,0.17117232787210807,0.4,0.6667,0.26669999999999994,20
ESTP,Extraversion,EPQR-A,1.0,0.0,0.0,1.0,1.0,0.0,20
ESTP,Neuroticism,EPQR-A,0.03667,0.060472953458550374,1.649112447737943,0.0,0.1667,0.1667,20
ESTP,Lie,EPQR-A,0.05666,0.08306142546332804,1.4659623272737035,0.0,0.3333,0.3333,20
ESFJ,Neuroticism,IPIP-NEO-120,2.191245,0.26157836201605056,0.11937431095840519,1.8083,2.65,0.8416999999999999,20
ESFJ,Extraversion,IPIP-NEO-120,4.039999999999999,0.1357316617447823,0.033596945976431265,3.775,4.2417,0.4666999999999999,20
ESFJ,Openness,IPIP-NEO-120,2.85292,0.18836615301056614,0.06602573959682224,2.4917,3.0917,0.6000000000000001,20
ESFJ,Agreeableness,IPIP-NEO-120,4.6425,0.12563726756022664,0.027062416275762335,4.4583,4.9,0.4417,20
ESFJ,Conscientiousness,IPIP-NEO-120,4.737075,0.16919655101390207,0.03571751576952066,4.25,4.9167,0.6666999999999996,20
ESFJ,Machiavellianism,SD3,2.1255450000000002,0.3562009902779608,0.16758101582321747,1.5111,2.8889,1.3778,20
ESFJ,Narcissism,SD3,3.5966750000000003,0.27854783408779177,0.07744592827758742,3.1556,4.2444,1.0887999999999995,20
ESFJ,Psychopathy,SD3,1.17111,0.16286330126827223,0.1390674669913776,1.0,1.6,0.6000000000000001,20
ESFJ,Activity,ZKPQ-50-CC,0.9479999999999998,0.06705221845696083,0.07073018824573928,0.78,1.0,0.21999999999999997,20
ESFJ,Aggression-Hostility,ZKPQ-50-CC,0.158,0.06749814812274482,0.42720346913129637,0.04,0.36,0.32,20
ESFJ,Impulsive_Sensation_Seeking,ZKPQ-50-CC,0.014000000000000002,0.036932370625238777,2.6380264732313408,0.0,0.16,0.16,20
ESFJ,Neuroticism-Anxiety,ZKPQ-50-CC,0.366,0.11010903686800644,0.30084436302734,0.16,0.58,0.41999999999999993,20
ESFJ,Sociability,ZKPQ-50-CC,0.967,0.04255584566190642,0.04400811340424656,0.88,1.0,0.12,20
ESFJ,Psychoticism,EPQR-A,0.031665,0.0542452788268251,1.7130989681612223,0.0,0.1667,0.1667,20
ESFJ,Extraversion,EPQR-A,1.0,0.0,0.0,1.0,1.0,0.0,20
ESFJ,Neuroticism,EPQR-A,0.499995,0.11353903062383437,0.22708033205098924,0.2333,0.8,0.5667,20
ESFJ,Lie,EPQR-A,0.76166,0.11364486965983113,0.14920682412077715,0.4667,0.9,0.4333,20
ESFP,Neuroticism,IPIP-NEO-120,2.1820750000000007,0.19758823820005073,0.09055061727944762,1.8333,2.7333,0.8999999999999999,20
ESFP,Extraversion,IPIP-NEO-120,4.753755,0.09221599359655572,0.01939855831790989,4.5833,4.9333,0.34999999999999964,20
ESFP,Openness,IPIP-NEO-120,3.605835,0.13216039601559915,0.0366518146325606,3.3417,3.9333,0.5916000000000001,20
ESFP,Agreeableness,IPIP-NEO-120,4.4399999999999995,0.18756391710560966,0.042244125474236414,4.0333,4.675,0.6417000000000002,20
ESFP,Conscientiousness,IPIP-NEO-120,2.9787450000000004,0.21923225464105417,0.07359886618057408,2.6,3.4333,0.8332999999999999,20
ESFP,Machiavellianism,SD3,1.9177850000000003,0.3796738406514202,0.1979751852535191,1.2667,2.5333,1.2666000000000002,20
ESFP,Narcissism,SD3,4.126665000000001,0.22078312497788416,0.05350158662694551,3.7111,4.4444,0.7332999999999998,20
ESFP,Psychopathy,SD3,2.40111,0.34091623589967085,0.1419827645962371,1.9333,3.2222,1.2889,20
ESFP,Activity,ZKPQ-50-CC,0.9359999999999999,0.08546344247688599,0.09130709666333973,0.62,1.0,0.38,20
ESFP,Aggression-Hostility,ZKPQ-50-CC,0.38300000000000006,0.15300653580811505,0.399494871561658,0.2,0.72,0.52,20
ESFP,Impulsive_Sensation_Seeking,ZKPQ-50-CC,0.9969999999999999,0.009539392014169467,0.009568096303078704,0.96,1.0,0.040000000000000036,20
ESFP,Neuroticism-Anxiety,ZKPQ-50-CC,0.08800000000000001,0.064,0.7272727272727272,0.0,0.2,0.2,20
ESFP,Sociability,ZKPQ-50-CC,0.999,0.004358898943540678,0.004363262205746424,0.98,1.0,0.020000000000000018,20
ESFP,Psychoticism,EPQR-A,0.374985,0.0801936922394773,0.21385840030795178,0.2,0.5333,0.3333,20
ESFP,Extraversion,EPQR-A,1.0,0.0,0.0,1.0,1.0,0.0,20
ESFP,Neuroticism,EPQR-A,0.28833000000000003,0.1006977363201378,0.34924474151194046,0.0667,0.5,0.4333,20
ESFP,Lie,EPQR-A,0.095,0.10069922541906665,1.059991846516491,0.0,0.3333,0.3333,20
